Aguascalientes,Aguascalientes,21.8817964,-102.2912701
Aguascalientes,Asientos,22.2384759,-102.0890156
Aguascalientes,Calvillo,21.8468345,-102.7186454
Aguascalientes,Cosio,22.3656529,-102.2997344
Aguascalientes,Jesus Maria,21.9598912,-102.3430316
Aguascalientes,Pabellon de Arteaga,22.1459657,-102.2760701
Aguascalientes,Rincon de Romos,22.2292624,-102.3205376
Aguascalientes,San Jose de Gracia,22.1475929,-102.4129804
Aguascalientes,Tepezala,22.2242232,-102.1738881
Aguascalientes,El Llano,21.912105,-102.048837
Aguascalientes,San Francisco de los Romo,NA,
Baja California,Ensenada,31.859577,-116.606428
Baja California,Mexicali,32.6455704,-115.4453421
Baja California,Tecate,32.5685837,-116.6346969
Baja California,Tijuana,32.533489,-117.018204
Baja California,Playas de Rosarito,32.3587909,-117.048203
Baja California Sur,Comondu,26.0707889,-111.8442001
Baja California Sur,Mulege,26.890594,-111.981083
Baja California Sur,La Paz,24.138533,-110.317379
Baja California Sur,Los Cabos,22.8905327,-109.9167371
Baja California Sur,Loreto,26.0117564,-111.3477531
Campeche,Calkini,NA,
Campeche,Campeche,NA,
Campeche,Carmen,NA,
Campeche,Champoton,NA,
Campeche,Hecelchakan,NA,
Campeche,Hopelchen,NA,
Campeche,Palizada,NA,
Campeche,Tenabo,NA,
Campeche,Escarcega,NA,
Campeche,Calakmul,NA,
Campeche,Candelaria,18.1859479,-91.04312689999999
Coahuila de Zaragoza,Abasolo,27.1810339,-101.4246049
Coahuila de Zaragoza,Acuna,29.3233299,-100.9513806
Coahuila de Zaragoza,Allende,28.34407,-100.851898
Coahuila de Zaragoza,Arteaga,25.4501332,-100.8490524
Coahuila de Zaragoza,Candela,26.8388667,-100.6658581
Coahuila de Zaragoza,Castanos,26.78005,-101.425697
Coahuila de Zaragoza,Cuatro Cienegas,26.9865592,-102.0636864
Coahuila de Zaragoza,Escobedo,27.2353087,-101.4129446
Coahuila de Zaragoza,Francisco I. Madero,25.7722629,-103.2694309
Coahuila de Zaragoza,Frontera,NA,
Coahuila de Zaragoza,General Cepeda,NA,
Coahuila de Zaragoza,Guerrero,NA,
Coahuila de Zaragoza,Hidalgo,NA,
Coahuila de Zaragoza,Jimenez,NA,
Coahuila de Zaragoza,Juarez,NA,
Coahuila de Zaragoza,Lamadrid,NA,
Coahuila de Zaragoza,Matamoros,NA,
Coahuila de Zaragoza,Monclova,NA,
Coahuila de Zaragoza,Morelos,NA,
Coahuila de Zaragoza,Muzquiz,NA,
Coahuila de Zaragoza,Nadadores,NA,
Coahuila de Zaragoza,Nava,NA,
Coahuila de Zaragoza,Ocampo,NA,
Coahuila de Zaragoza,Parras,NA,
Coahuila de Zaragoza,Piedras Negras,28.6978762,-100.5246969
Coahuila de Zaragoza,Progreso,27.4280199,-100.9877821
Coahuila de Zaragoza,Ramos Arizpe,25.540921,-100.943102
Coahuila de Zaragoza,Sabinas,27.86,-101.12
Coahuila de Zaragoza,Sacramento,27.0033867,-101.7247054
Coahuila de Zaragoza,Saltillo,25.4267244,-100.9954254
Coahuila de Zaragoza,San Buenaventura,27.060027,-101.546624
Coahuila de Zaragoza,San Juan de Sabinas,27.9270787,-101.3023954
Coahuila de Zaragoza,San Pedro,25.75878,-102.977996
Coahuila de Zaragoza,Sierra Mojada,27.2701522,-103.6928081
Coahuila de Zaragoza,Torreon,NA,
Coahuila de Zaragoza,Viesca,NA,
Coahuila de Zaragoza,Villa Union,NA,
Coahuila de Zaragoza,Zaragoza,NA,
Colima,Armeria,NA,
Colima,Colima,NA,
Colima,Comala,NA,
Colima,Coquimatlan,NA,
Colima,Cuauhtemoc,NA,
Colima,Ixtlahuacan,NA,
Colima,Manzanillo,NA,
Colima,Minatitlan,NA,
Colima,Tecoman,NA,
Colima,Villa de alvarez,NA,
Chiapas,Acacoyagua,NA,
Chiapas,Acala,NA,
Chiapas,Acapetahua,15.2795299,-92.6906431
Chiapas,Altamirano,16.7342989,-92.0362219
Chiapas,Amatan,17.3715082,-92.8180089
Chiapas,Amatenango de la Frontera,15.4340018,-92.1169335
Chiapas,Amatenango del Valle,16.5278042,-92.43779889999999
Chiapas,Angel Albino Corzo,15.8722857,-92.7235766
Chiapas,Arriaga,16.2338169,-93.89629699999999
Chiapas,Bejucal de Ocampo,15.4544694,-92.15788769999999
Chiapas,Bella Vista,16.7403279,-93.1592017
Chiapas,Berriozabal,16.8,-93.2666667
Chiapas,Bochil,NA,
Chiapas,El Bosque,NA,
Chiapas,Cacahoatan,NA,
Chiapas,Catazaja,NA,
Chiapas,Cintalapa,NA,
Chiapas,Coapilla,NA,
Chiapas,Comitan de Dominguez,NA,
Chiapas,La Concordia,NA,
Chiapas,Copainala,NA,
Chiapas,Chalchihuitan,NA,
Chiapas,Chamula,NA,
Chiapas,Chanal,NA,
Chiapas,Chapultenango,NA,
Chiapas,Chenalho,16.8981342,-92.6241534
Chiapas,Chiapa de Corzo,16.7069444,-93.0138889
Chiapas,Chiapilla,16.5686207,-92.72120509999999
Chiapas,Chicoasen,16.9067079,-93.0926899
Chiapas,Chicomuselo,15.7427507,-92.2844891
Chiapas,Chilon,17.1046837,-92.2736561
Chiapas,Escuintla,15.3232503,-92.65861629999999
Chiapas,Francisco Leon,17.315983,-93.25707899999999
Chiapas,Frontera Comalapa,15.6582577,-92.14272489999999
Chiapas,Frontera Hidalgo,14.7758049,-92.1764046
Chiapas,La Grandeza,NA,
Chiapas,Huehuetan,NA,
Chiapas,Huixtan,NA,
Chiapas,Huitiupan,NA,
Chiapas,Huixtla,NA,
Chiapas,La Independencia,NA,
Chiapas,Ixhuatan,NA,
Chiapas,Ixtacomitan,NA,
Chiapas,Ixtapa,NA,
Chiapas,Ixtapangajoya,NA,
Chiapas,Jiquipilas,NA,
Chiapas,Jitotol,NA,
Chiapas,Juarez,NA,
Chiapas,Larrainzar,NA,
Chiapas,La Libertad,NA,
Chiapas,Mapastepec,15.4329682,-92.8978399
Chiapas,Las Margaritas,16.315274,-91.984695
Chiapas,Mazapa de Madero,15.387171,-92.187527
Chiapas,Mazatan,14.861665,-92.448493
Chiapas,Metapa,14.8404499,-92.18849209999999
Chiapas,Mitontic,16.86916,-92.630495
Chiapas,Motozintla,15.3709199,-92.2484661
Chiapas,Nicolas Ruiz,16.4350987,-92.5851994
Chiapas,Ocosingo,16.9066667,-92.0938889
Chiapas,Ocotepec,17.2210354,-93.1565506
Chiapas,Ocozocoautla de Espinosa,NA,
Chiapas,Ostuacan,NA,
Chiapas,Osumacinta,NA,
Chiapas,Oxchuc,NA,
Chiapas,Palenque,NA,
Chiapas,Pantelho,NA,
Chiapas,Pantepec,NA,
Chiapas,Pichucalco,NA,
Chiapas,Pijijiapan,NA,
Chiapas,El Porvenir,NA,
Chiapas,Villa Comaltitlan,NA,
Chiapas,Pueblo Nuevo Solistahuacan,NA,
Chiapas,Rayon,NA,
Chiapas,Reforma,NA,
Chiapas,Las Rosas,NA,
Chiapas,Sabanilla,NA,
Chiapas,Salto de Agua,17.5583212,-92.3453716
Chiapas,San Cristobal de las Casas,16.7366667,-92.6383333
Chiapas,San Fernando,16.8694312,-93.2070859
Chiapas,Siltepec,15.557172,-92.3232036
Chiapas,Simojovel,17.1405789,-92.7108991
Chiapas,Sitala,17.0244122,-92.3058451
Chiapas,Socoltenango,16.2439259,-92.3504194
Chiapas,Solosuchiapa,17.4297762,-93.0355476
Chiapas,Soyalo,16.8905692,-92.9227329
Chiapas,Suchiapa,16.6238059,-93.1000854
Chiapas,Suchiate,NA,
Chiapas,Sunuapa,NA,
Chiapas,Tapachula,NA,
Chiapas,Tapalapa,NA,
Chiapas,Tapilula,NA,
Chiapas,Tecpatan,NA,
Chiapas,Tenejapa,NA,
Chiapas,Teopisca,NA,
Chiapas,Tila,17.2980572,-92.4252829
Chiapas,Tonala,16.0867084,-93.75611959999999
Chiapas,Totolapa,16.5452279,-92.68296889999999
Chiapas,La Trinitaria,16.1202778,-92.0408333
Chiapas,Tumbala,17.2769854,-92.3158981
Chiapas,Tuxtla Gutierrez,16.7527778,-93.1166667
Chiapas,Tuxtla Chico,14.9395349,-92.1675374
Chiapas,Tuzantan,15.146565,-92.422529
Chiapas,Tzimol,16.1822673,-92.1845482
Chiapas,Union Juarez,15.0645412,-92.08118379999999
Chiapas,Venustiano Carranza,NA,
Chiapas,Villa Corzo,NA,
Chiapas,Villaflores,NA,
Chiapas,Yajalon,NA,
Chiapas,San Lucas,NA,
Chiapas,Zinacantan,NA,
Chiapas,San Juan Cancuc,NA,
Chiapas,Aldama,NA,
Chiapas,Benemerito de las Americas,NA,
Chiapas,Maravilla Tenejapa,NA,
Chiapas,Marques de Comillas,NA,
Chiapas,Montecristo de Guerrero,NA,
Chiapas,San Andres Duraznal,NA,
Chiapas,Santiago el Pinar,NA,
Chihuahua,Ahumada,NA,
Chihuahua,Aldama,NA,
Chihuahua,Allende,26.9142489,-105.4185031
Chihuahua,Aquiles Serdan,28.5936841,-105.8873746
Chihuahua,Ascension,31.0927778,-107.9963889
Chihuahua,Bachiniva,28.7562554,-107.2537314
Chihuahua,Balleza,26.9514499,-106.3473971
Chihuahua,Batopilas,27.0254574,-107.7432679
Chihuahua,Bocoyna,27.8401224,-107.5832991
Chihuahua,Buenaventura,29.8388499,-107.4702001
Chihuahua,Camargo,27.667,-105.167
Chihuahua,Carichi,27.9169689,-107.0552036
Chihuahua,Casas Grandes,NA,
Chihuahua,Coronado,NA,
Chihuahua,Coyame del Sotol,NA,
Chihuahua,La Cruz,NA,
Chihuahua,Cuauhtemoc,NA,
Chihuahua,Cusihuiriachi,NA,
Chihuahua,Chihuahua,NA,
Chihuahua,Chinipas,NA,
Chihuahua,Delicias,NA,
Chihuahua,Dr. Belisario Dominguez,NA,
Chihuahua,Galeana,NA,
Chihuahua,Santa Isabel,NA,
Chihuahua,Gomez Farias,NA,
Chihuahua,Gran Morelos,NA,
Chihuahua,Guachochi,NA,
Chihuahua,Guadalupe,NA,
Chihuahua,Guadalupe y Calvo,26.0902174,-106.9651726
Chihuahua,Guazapares,27.371892,-108.281371
Chihuahua,Guerrero,28.5551399,-107.4924011
Chihuahua,Hidalgo del Parral,26.9323162,-105.6666844
Chihuahua,Huejotitan,27.0557834,-106.1811164
Chihuahua,Ignacio Zaragoza,29.64591339999999,-107.7604514
Chihuahua,Janos,30.8889327,-108.1924159
Chihuahua,Jimenez,27.1406589,-104.9157031
Chihuahua,Juarez,31.7311292,-106.4625624
Chihuahua,Julimes,28.4242289,-105.4260644
Chihuahua,Lopez,NA,
Chihuahua,Madera,NA,
Chihuahua,Maguarichi,NA,
Chihuahua,Manuel Benavides,NA,
Chihuahua,Matachi,NA,
Chihuahua,Matamoros,NA,
Chihuahua,Meoqui,NA,
Chihuahua,Morelos,NA,
Chihuahua,Moris,NA,
Chihuahua,Namiquipa,NA,
Chihuahua,Nonoava,NA,
Chihuahua,Nuevo Casas Grandes,NA,
Chihuahua,Ocampo,NA,
Chihuahua,Ojinaga,NA,
Chihuahua,Praxedis G. Guerrero,NA,
Chihuahua,Riva Palacio,NA,
Chihuahua,Rosales,28.1854159,-105.5565554
Chihuahua,Rosario,28.6109512,-106.0743052
Chihuahua,San Francisco de Borja,27.8985474,-106.6832531
Chihuahua,San Francisco de Conchos,27.5871334,-105.3350084
Chihuahua,San Francisco del Oro,26.861545,-105.852693
Chihuahua,Santa Barbara,26.802297,-105.818849
Chihuahua,Satevo,27.9527889,-106.1104971
Chihuahua,Saucillo,28.0304503,-105.2918467
Chihuahua,Temosachic,28.9646234,-107.8353139
Chihuahua,El Tule,27.0558812,-106.2660299
Chihuahua,Urique,NA,
Chihuahua,Uruachi,NA,
Chihuahua,Valle de Zaragoza,NA,
Distrito Federal,Azcapotzalco,NA,
Distrito Federal,Coyoacan,NA,
Distrito Federal,Cuajimalpa de Morelos,NA,
Distrito Federal,Gustavo A. Madero,NA,
Distrito Federal,Iztacalco,NA,
Distrito Federal,Iztapalapa,NA,
Distrito Federal,La Magdalena Contreras,19.3333333,-99.2138889
Distrito Federal,Milpa Alta,19.191,-99.023651
Distrito Federal,alvaro Obregon,19.4,-99.19999999999999
Distrito Federal,Tlahuac,19.268709,-99.00501299999999
Distrito Federal,Tlalpan,19.3083333,-99.225
Distrito Federal,Xochimilco,19.274285,-99.138374
Distrito Federal,Benito Juarez,19.4013959,-99.157631
Distrito Federal,Cuauhtemoc,19.442808,-99.144008
Distrito Federal,Miguel Hidalgo,19.4066667,-99.1911111
Distrito Federal,Venustiano Carranza,19.4395911,-99.1131054
Durango,Canatlan,NA,
Durango,Canelas,25.1210274,-106.5383771
Durango,Coneto de Comonfort,24.9798982,-104.7695431
Durango,Cuencame,24.8624799,-103.6939011
Durango,Durango,24.0277202,-104.6531759
Durango,General Simon Bolivar,24.6879934,-103.2238096
Durango,Gomez Palacio,25.56815,-103.491798
Durango,Guadalupe Victoria,24.1252191,-104.5324625
Durango,Guanacevi,25.9451899,-105.8966981
Durango,Hidalgo,24.0293353,-104.6743598
Durango,Inde,25.9104779,-105.2214354
Durango,Lerdo,NA,
Durango,Mapimi,NA,
Durango,Mezquital,23.4746427,-104.3939719
Durango,Nazas,25.2339934,-104.1191066
Durango,Nombre de Dios,23.8482422,-104.2441169
Durango,Ocampo,24.0072255,-104.6662523
Durango,El Oro,24.0485664,-104.5959377
Durango,Otaez,25.5862681,-103.5130326
Durango,Panuco de Coronado,24.5601009,-104.3728031
Durango,Penon Blanco,24.7833333,-104.0333333
Durango,Poanas,24.0754582,-104.586219
Durango,Pueblo Nuevo,25.2934687,-103.9984108
Durango,Rodeo,NA,
Durango,San Bernardo,NA,
Durango,San Dimas,NA,
Durango,San Juan de Guadalupe,NA,
Durango,San Juan del Rio,NA,
Durango,San Luis del Cordero,NA,
Durango,San Pedro del Gallo,NA,
Durango,Santa Clara,NA,
Durango,Santiago Papasquiaro,NA,
Durango,Suchil,23.626745,-103.921106
Durango,Tamazula,24.9683887,-106.9677971
Durango,Tepehuanes,25.3448299,-105.7183001
Durango,Tlahualilo,26.074551,-103.397003
Durango,Topia,25.2125467,-106.5696411
Durango,Vicente Guerrero,24.0058779,-104.6801004
Durango,Nuevo Ideal,24.8874532,-105.0707236
Guanajuato,Abasolo,20.4533454,-101.5312631
Guanajuato,Acambaro,20.0319362,-100.7205774
Guanajuato,San Miguel de Allende,20.9141667,-100.7436111
Guanajuato,Apaseo el Alto,NA,
Guanajuato,Apaseo el Grande,NA,
Guanajuato,Atarjea,NA,
Guanajuato,Celaya,NA,
Guanajuato,Manuel Doblado,NA,
Guanajuato,Comonfort,NA,
Guanajuato,Coroneo,NA,
Guanajuato,Cortazar,NA,
Guanajuato,Cueramaro,NA,
Guanajuato,Doctor Mora,NA,
Guanajuato,Dolores Hidalgo Cuna de la Independencia Nacional,NA,
Guanajuato,Guanajuato,NA,
Guanajuato,Huanimaro,NA,
Guanajuato,Irapuato,NA,
Guanajuato,Jaral del Progreso,NA,
Guanajuato,Jerecuaro,NA,
Guanajuato,Leon,21.123619,-101.680496
Guanajuato,Moroleon,20.131821,-101.202202
Guanajuato,Ocampo,21.650021,-101.478092
Guanajuato,Penjamo,20.4311111,-101.7222222
Guanajuato,Pueblo Nuevo,20.5244759,-101.3720989
Guanajuato,Purisima del Rincon,20.889695,-101.91255
Guanajuato,Romita,20.8751029,-101.5180731
Guanajuato,Salamanca,20.570391,-101.195646
Guanajuato,Salvatierra,20.2133542,-100.8903986
Guanajuato,San Diego de la Union,21.4655391,-100.8729354
Guanajuato,San Felipe,NA,
Guanajuato,San Francisco del Rincon,NA,
Guanajuato,San Jose Iturbide,NA,
Guanajuato,San Luis de la Paz,NA,
Guanajuato,Santa Catarina,NA,
Guanajuato,Santa Cruz de Juventino Rosas,NA,
Guanajuato,Santiago Maravatio,NA,
Guanajuato,Silao,NA,
Guanajuato,Tarandacuao,NA,
Guanajuato,Tarimoro,NA,
Guanajuato,Tierra Blanca,NA,
Guanajuato,Uriangato,NA,
Guanajuato,Valle de Santiago,NA,
Guanajuato,Victoria,NA,
Guanajuato,Villagran,NA,
Guanajuato,Xichu,21.2956159,-100.0573657
Guanajuato,Yuriria,20.211951,-101.133287
Guerrero,Acapulco de Juarez,16.863794,-99.881614
Guerrero,Ahuacuotzingo,17.7137319,-98.9358561
Guerrero,Ajuchitlan del Progreso,18.154182,-100.499655
Guerrero,Alcozauca de Guerrero,17.4608874,-98.38519869999999
Guerrero,Alpoyeca,17.6698177,-98.5133999
Guerrero,Apaxtla,18.124331,-99.920052
Guerrero,Arcelia,18.3155367,-100.2823644
Guerrero,Atenango del Rio,18.1042572,-99.10724909999999
Guerrero,Atlamajalcingo del Monte,NA,
Guerrero,Atlixtac,NA,
Guerrero,Atoyac de alvarez,NA,
Guerrero,Ayutla de los Libres,NA,
Guerrero,Azoyu,NA,
Guerrero,Benito Juarez,NA,
Guerrero,Buenavista de Cuellar,NA,
Guerrero,Coahuayutla de Jose Maria Izazaga,NA,
Guerrero,Cocula,NA,
Guerrero,Copala,NA,
Guerrero,Copalillo,NA,
Guerrero,Copanatoyac,NA,
Guerrero,Coyuca de Benitez,NA,
Guerrero,Coyuca de Catalan,NA,
Guerrero,Cuajinicuilapa,NA,
Guerrero,Cualac,NA,
Guerrero,Cuautepec,16.7475072,-99.0028906
Guerrero,Cuetzala del Progreso,18.1346867,-99.8325646
Guerrero,Cutzamala de Pinzon,18.4671282,-100.5796111
Guerrero,Chilapa de alvarez,17.59629,-99.1770559
Guerrero,Chilpancingo de los Bravo,17.55,-99.5
Guerrero,Florencio Villarreal,16.7293446,-99.126048
Guerrero,General Canuto A. Neri,17.5579769,-99.5007788
Guerrero,General Heliodoro Castillo,18.3581745,-99.5536154
Guerrero,Huamuxtitlan,17.8020809,-98.5647731
Guerrero,Huitzuco de los Figueroa,18.3108143,-99.3297522
Guerrero,Iguala de la Independencia,NA,
Guerrero,Igualapa,NA,
Guerrero,Ixcateopan de Cuauhtemoc,NA,
Guerrero,Zihuatanejo de Azueta,NA,
Guerrero,Juan R. Escudero,NA,
Guerrero,Leonardo Bravo,NA,
Guerrero,Malinaltepec,NA,
Guerrero,Martir de Cuilapan,NA,
Guerrero,Metlatonoc,NA,
Guerrero,Mochitlan,NA,
Guerrero,Olinala,NA,
Guerrero,Ometepec,NA,
Guerrero,Pedro Ascencio Alquisiras,NA,
Guerrero,Petatlan,17.5367232,-101.2668699
Guerrero,Pilcaya,18.7450968,-99.6760125
Guerrero,Pungarabato,18.3541066,-100.6570845
Guerrero,Quechultenango,17.4134854,-99.24292489999999
Guerrero,San Luis Acatlan,16.8070694,-98.7350079
Guerrero,San Marcos,16.7949714,-99.3883874
Guerrero,San Miguel Totolapan,18.1590539,-100.3906209
Guerrero,Taxco de Alarcon,18.5563889,-99.60499999999999
Guerrero,Tecoanapa,16.9865731,-99.26049359999999
Guerrero,Tecpan de Galeana,17.2195397,-100.6297054
Guerrero,Teloloapan,NA,
Guerrero,Tepecoacuilco de Trujano,NA,
Guerrero,Tetipac,NA,
Guerrero,Tixtla de Guerrero,NA,
Guerrero,Tlacoachistlahuaca,NA,
Guerrero,Tlacoapa,NA,
Guerrero,Tlalchapa,NA,
Guerrero,Tlalixtaquilla de Maldonado,NA,
Guerrero,Tlapa de Comonfort,NA,
Guerrero,Tlapehuala,NA,
Guerrero,La Union de Isidoro Montes de Oca,NA,
Guerrero,Xalpatlahuac,NA,
Guerrero,Xochihuehuetlan,17.9053544,-98.4876639
Guerrero,Xochistlahuaca,16.7918475,-98.2420878
Guerrero,Zapotitlan Tablas,17.420344,-98.78149119999999
Guerrero,Zirandaro,18.4778399,-100.9904021
Guerrero,Zitlala,17.6885367,-99.1858206
Guerrero,Eduardo Neri,17.5439249,-99.52042019999999
Guerrero,Acatepec,16.7371534,-98.4281444
Guerrero,Marquelia,16.5833333,-98.8166667
Guerrero,Cochoapa el grande,17.193389,-98.455388
Guerrero,Jose Joaquin de Herrera,19.4388413,-99.12632099999999
Guerrero,Juchitan,NA,
Guerrero,Iliatenco,NA,
Hidalgo,Acatlan,NA,
Hidalgo,Acaxochitlan,NA,
Hidalgo,Actopan,NA,
Hidalgo,Agua Blanca de Iturbide,NA,
Hidalgo,Ajacuba,NA,
Hidalgo,Alfajayucan,NA,
Hidalgo,Almoloya,NA,
Hidalgo,Apan,NA,
Hidalgo,El Arenal,NA,
Hidalgo,Atitalaquia,NA,
Hidalgo,Atlapexco,NA,
Hidalgo,Atotonilco el Grande,20.286942,-98.66792
Hidalgo,Atotonilco de Tula,20.008329,-99.2197717
Hidalgo,Calnali,20.9012074,-98.58377240000002
Hidalgo,Cardonal,20.6124,-99.1150509
Hidalgo,Cuautepec de Hinojosa,20.0342177,-98.3100324
Hidalgo,Chapantongo,20.2822727,-99.4129636
Hidalgo,Chapulhuacan,21.1569084,-98.9026949
Hidalgo,Chilcuautla,20.2874191,-99.2674713
Hidalgo,Eloxochitlan,20.7458246,-98.80888159999999
Hidalgo,Emiliano Zapata,19.653763,-98.54583099999999
Hidalgo,Epazoyucan,NA,
Hidalgo,Francisco I. Madero,NA,
Hidalgo,Huasca de Ocampo,NA,
Hidalgo,Huautla,NA,
Hidalgo,Huazalingo,NA,
Hidalgo,Huehuetla,NA,
Hidalgo,Huejutla de Reyes,NA,
Hidalgo,Huichapan,NA,
Hidalgo,Ixmiquilpan,NA,
Hidalgo,Jacala de Ledezma,NA,
Hidalgo,Jaltocan,NA,
Hidalgo,Juarez Hidalgo,NA,
Hidalgo,Lolotla,NA,
Hidalgo,Metepec,NA,
Hidalgo,San Agustin Metzquititlan,NA,
Hidalgo,Metztitlan,NA,
Hidalgo,Mineral del Chico,20.2156264,-98.7301399
Hidalgo,Mineral del Monte,20.1382299,-98.67355909999999
Hidalgo,La Mision,21.0976167,-99.12473639999999
Hidalgo,Mixquiahuala de Juarez,20.2311111,-99.21305559999999
Hidalgo,Molango de Escamilla,27.2258254,-100.1536852
Hidalgo,Nicolas Flores,20.7676552,-99.1388685
Hidalgo,Nopala de Villagran,20.2508944,-99.64395259999999
Hidalgo,Omitlan de Juarez,20.1701897,-98.6487431
Hidalgo,San Felipe Orizatlan,21.171375,-98.60784799999999
Hidalgo,Pacula,21.0499707,-99.2961479
Hidalgo,Pachuca de Soto,NA,
Hidalgo,Pisaflores,NA,
Hidalgo,Progreso de Obregon,NA,
Hidalgo,Mineral de la Reforma,NA,
Hidalgo,San Agustin Tlaxiaca,NA,
Hidalgo,San Bartolo Tutotepec,NA,
Hidalgo,San Salvador,NA,
Hidalgo,Santiago de Anaya,NA,
Hidalgo,Santiago Tulantepec de Lugo Guerrero,NA,
Hidalgo,Singuilucan,NA,
Hidalgo,Tasquillo,NA,
Hidalgo,Tecozautla,NA,
Hidalgo,Tenango de Doria,NA,
Hidalgo,Tepeapulco,NA,
Hidalgo,Tepehuacan de Guerrero,NA,
Hidalgo,Tepeji del Rio de Ocampo,19.9001205,-99.3416352
Hidalgo,Tepetitlan,20.1889937,-99.3816749
Hidalgo,Tetepango,20.102373,-99.156524
Hidalgo,Villa de Tezontepec,19.8800084,-98.8195753
Hidalgo,Tezontepec de Aldama,20.18403,-99.2702429
Hidalgo,Tianguistengo,19.9162869,-99.32691419999999
Hidalgo,Tizayuca,19.8333333,-98.98333330000001
Hidalgo,Tlahuelilpan,20.1302,-99.2301827
Hidalgo,Tlahuiltepa,20.9255278,-98.9511108
Hidalgo,Tlanalapa,19.8180843,-98.60319779999999
Hidalgo,Tlanchinol,NA,
Hidalgo,Tlaxcoapan,NA,
Hidalgo,Tolcayuca,NA,
Hidalgo,Tula de Allende,NA,
Hidalgo,Tulancingo de Bravo,NA,
Hidalgo,Xochiatipan,NA,
Hidalgo,Xochicoatlan,NA,
Hidalgo,Yahualica,NA,
Hidalgo,Zacualtipan de angeles,NA,
Hidalgo,Zapotlan de Juarez,NA,
Hidalgo,Zempoala,NA,
Hidalgo,Zimapan,NA,
Jalisco,Acatic,NA,
Jalisco,Acatlan de Juarez,NA,
Jalisco,Ahualulco de Mercado,20.7020397,-103.9737251
Jalisco,Amacueca,20.0111776,-103.6003447
Jalisco,Amatitan,20.835,-103.731
Jalisco,Ameca,20.5469307,-104.0474574
Jalisco,San Juanito de Escobedo,20.7986229,-104.0030594
Jalisco,Arandas,20.7042032,-102.3460299
Jalisco,EL Arenal,20.77898,-103.691239
Jalisco,Atemajac de Brizuela,20.1386377,-103.7263471
Jalisco,Atengo,20.2734539,-104.2363174
Jalisco,Atenguillo,20.4157007,-104.4949299
Jalisco,Atotonilco el Alto,NA,
Jalisco,Atoyac,NA,
Jalisco,Autlan de Navarro,NA,
Jalisco,Ayotlan,NA,
Jalisco,Ayutla,NA,
Jalisco,La Barca,NA,
Jalisco,Bolanos,NA,
Jalisco,Cabo Corrientes,NA,
Jalisco,Casimiro Castillo,NA,
Jalisco,Cihuatlan,NA,
Jalisco,Zapotlan el Grande,NA,
Jalisco,Cocula,NA,
Jalisco,Colotlan,NA,
Jalisco,Concepcion de Buenos Aires,NA,
Jalisco,Cuautitlan de Garcia Barragan,NA,
Jalisco,Cuautla,NA,
Jalisco,Cuquio,20.9275862,-103.0230461
Jalisco,Chapala,20.2970595,-103.188891
Jalisco,Chimaltitan,21.7803279,-103.7802646
Jalisco,Chiquilistlan,20.0870072,-103.8621286
Jalisco,Degollado,20.4477559,-102.1328381
Jalisco,Ejutla,19.9061124,-104.1654682
Jalisco,Encarnacion de Diaz,21.5166667,-102.2333333
Jalisco,Etzatlan,20.7647052,-104.0792844
Jalisco,El Grullo,19.805681,-104.217331
Jalisco,Guachinango,20.5772029,-104.3805139
Jalisco,Guadalajara,NA,
Jalisco,Hostotipaquillo,NA,
Jalisco,Huejucar,NA,
Jalisco,Huejuquilla el Alto,NA,
Jalisco,La Huerta,NA,
Jalisco,Ixtlahuacan de los Membrillos,NA,
Jalisco,Ixtlahuacan del Rio,NA,
Jalisco,Jalostotitlan,NA,
Jalisco,Jamay,NA,
Jalisco,Jesus Maria,NA,
Jalisco,Jilotlan de los Dolores,NA,
Jalisco,Jocotepec,NA,
Jalisco,Juanacatlan,NA,
Jalisco,Juchitlan,NA,
Jalisco,Lagos de Moreno,NA,
Jalisco,El Limon,NA,
Jalisco,Magdalena,20.9083749,-103.9798274
Jalisco,Santa Maria del Oro,19.587205,-102.9074978
Jalisco,La Manzanilla de la Paz,20.0053707,-103.1551408
Jalisco,Mascota,20.5260029,-104.7892254
Jalisco,Mazamitla,19.9143297,-103.0203341
Jalisco,Mexticacan,21.2650194,-102.7772811
Jalisco,Mezquitic,21.116667,-102.3
Jalisco,Mixtlan,20.4390819,-104.4084216
Jalisco,Ocotlan,20.34881,-102.770203
Jalisco,Ojuelos de Jalisco,21.8657329,-101.5940151
Jalisco,Pihuamo,NA,
Jalisco,Poncitlan,NA,
Jalisco,Puerto Vallarta,NA,
Jalisco,Villa Purificacion,NA,
Jalisco,Quitupan,NA,
Jalisco,El Salto,NA,
Jalisco,San Cristobal de la Barranca,NA,
Jalisco,San Diego de Alejandria,NA,
Jalisco,San Juan de los Lagos,NA,
Jalisco,San Julian,NA,
Jalisco,San Marcos,NA,
Jalisco,San Martin de Bolanos,21.6823229,-103.8125541
Jalisco,San Martin Hidalgo,20.4356354,-103.9293284
Jalisco,San Miguel el Alto,21.0297575,-102.4040252
Jalisco,Gomez Farias,20.6720336,-103.2766861
Jalisco,San Sebastian del Oeste,20.7613306,-104.8528075
Jalisco,Santa Maria de los angeles,22.1736132,-103.2249659
Jalisco,Sayula,19.8828604,-103.5998064
Jalisco,Tala,20.651469,-103.707459
Jalisco,Talpa de Allende,20.3805556,-104.8222222
Jalisco,Tamazula de Gordiano,19.6801429,-103.2490716
Jalisco,Tapalpa,NA,
Jalisco,Tecalitlan,NA,
Jalisco,Tecolotlan,NA,
Jalisco,Techaluta de Montenegro,NA,
Jalisco,Tenamaxtlan,NA,
Jalisco,Teocaltiche,NA,
Jalisco,Teocuitatlan de Corona,NA,
Jalisco,Tepatitlan de Morelos,NA,
Jalisco,Tequila,NA,
Jalisco,Teuchitlan,NA,
Jalisco,Tizapan el Alto,NA,
Jalisco,Tlajomulco de Zuniga,NA,
Jalisco,Tlaquepaque,NA,
Jalisco,Toliman,19.5966629,-103.9113429
Jalisco,Tomatlan,19.941353,-105.249539
Jalisco,Tonala,20.6815855,-103.2656264
Jalisco,Tonaya,19.7842384,-103.9702121
Jalisco,Tonila,19.4089674,-103.5466373
Jalisco,Totatiche,21.9303774,-103.4427766
Jalisco,Tototlan,20.5422584,-102.7933826
Jalisco,Tuxcacuesco,19.6963118,-103.9851063
Jalisco,Tuxcueca,20.1521169,-103.1859099
Jalisco,Tuxpan,19.5549937,-103.3756781
Jalisco,Union de San Antonio,NA,
Jalisco,Union de Tula,NA,
Jalisco,Valle de Guadalupe,NA,
Jalisco,Valle de Juarez,NA,
Jalisco,San Gabriel,NA,
Jalisco,Villa Corona,NA,
Jalisco,Villa Guerrero,NA,
Jalisco,Villa Hidalgo,NA,
Jalisco,Canadas de Obregon,NA,
Jalisco,Yahualica de Gonzalez Gallo,NA,
Jalisco,Zacoalco de Torres,NA,
Jalisco,Zapopan,NA,
Jalisco,Zapotiltic,NA,
Jalisco,Zapotitlan de Vadillo,NA,
Jalisco,Zapotlan del Rey,NA,
Jalisco,Zapotlanejo,NA,
Jalisco,San Ignacio Cerro Gordo,NA,
Mexico,Acambay,NA,
Mexico,Acolman,19.622545,-98.922905
Mexico,Aculco,19.3737105,-99.1048072
Mexico,Almoloya de Alquisiras,18.8657376,-99.89400219999999
Mexico,Almoloya de Juarez,19.3690064,-99.7605116
Mexico,Almoloya del Rio,19.15901,-99.487808
Mexico,Amanalco,19.253532,-100.02034
Mexico,Amatepec,18.6807427,-100.1808544
Mexico,Amecameca,19.1166667,-98.76666670000002
Mexico,Apaxco,19.9833329,-99.16666699999999
Mexico,Atenco,19.3786107,-98.9581747
Mexico,Atizapan,NA,
Mexico,Atizapan de Zaragoza,NA,
Mexico,Atlacomulco,NA,
Mexico,Atlautla,NA,
Mexico,Axapusco,NA,
Mexico,Ayapango,NA,
Mexico,Calimaya,NA,
Mexico,Capulhuac,NA,
Mexico,Coacalco de Berriozabal,NA,
Mexico,Coatepec Harinas,NA,
Mexico,Cocotitlan,NA,
Mexico,Coyotepec,NA,
Mexico,Cuautitlan,NA,
Mexico,Chalco,NA,
Mexico,Chapa de Mota,NA,
Mexico,Chapultepec,19.200338,-99.560349
Mexico,Chiautla,19.5494361,-98.8827889
Mexico,Chicoloapan,19.412609,-98.902687
Mexico,Chiconcuac,19.5585722,-98.8957734
Mexico,Chimalhuacan,19.4207517,-98.9489571
Mexico,Donato Guerra,19.3080667,-100.1435669
Mexico,Ecatepec de Morelos,19.6,-99.05
Mexico,Ecatzingo,18.95,-98.75
Mexico,Huehuetoca,19.8341667,-99.20333330000001
Mexico,Hueypoxtla,19.9106243,-99.0755197
Mexico,Huixquilucan,NA,
Mexico,Isidro Fabela,NA,
Mexico,Ixtapaluca,NA,
Mexico,Ixtapan de la Sal,NA,
Mexico,Ixtapan del Oro,NA,
Mexico,Ixtlahuaca,NA,
Mexico,Xalatlaco,NA,
Mexico,Jaltenco,NA,
Mexico,Jilotepec,NA,
Mexico,Jilotzingo,NA,
Mexico,Jiquipilco,NA,
Mexico,Jocotitlan,NA,
Mexico,Joquicingo,NA,
Mexico,Juchitepec,NA,
Mexico,Lerma,19.8060959,-90.60111520000001
Mexico,Malinalco,18.9445694,-99.4953884
Mexico,Melchor Ocampo,19.7083333,-99.1444444
Mexico,Metepec,19.2563509,-99.6047904
Mexico,Mexicaltzingo,19.20951,-99.585431
Mexico,Morelos,19.4468231,-99.1303962
Mexico,Naucalpan de Juarez,19.4752778,-99.23777779999999
Mexico,Nezahualcoyotl,19.403793,-99.02478599999999
Mexico,Nextlalpan,19.73204,-99.067544
Mexico,Nicolas Romero,19.6197996,-99.3114344
Mexico,Nopaltepec,NA,
Mexico,Ocoyoacac,NA,
Mexico,Ocuilan,NA,
Mexico,El Oro,NA,
Mexico,Otumba,NA,
Mexico,Otzoloapan,NA,
Mexico,Otzolotepec,NA,
Mexico,Ozumba,NA,
Mexico,Papalotla,NA,
Mexico,La Paz,NA,
Mexico,Polotitlan,NA,
Mexico,Rayon,NA,
Mexico,San Antonio la Isla,NA,
Mexico,San Felipe del Progreso,NA,
Mexico,San Martin de las Piramides,19.705756,-98.83745599999999
Mexico,San Mateo Atenco,19.27035,-99.53313299999999
Mexico,San Simon de Guerrero,19.0215799,-100.0071569
Mexico,Santo Tomas,19.485694,-99.17744619999999
Mexico,Soyaniquilpan de Juarez,19.6136125,-99.1462937
Mexico,Sultepec,18.4877507,-100.1501081
Mexico,Tecamac,19.7130556,-98.9683333
Mexico,Tejupilco,18.9058333,-100.1527778
Mexico,Temamatla,19.2027778,-98.86999999999999
Mexico,Temascalapa,19.8257589,-98.90013160000001
Mexico,Temascalcingo,NA,
Mexico,Temascaltepec,NA,
Mexico,Temoaya,NA,
Mexico,Tenancingo,NA,
Mexico,Tenango del Aire,NA,
Mexico,Tenango del Valle,NA,
Mexico,Teoloyucan,NA,
Mexico,Teotihuacan,NA,
Mexico,Tepetlaoxtoc,NA,
Mexico,Tepetlixpa,19.0247002,-98.81993020000002
Mexico,Tepotzotlan,19.716629,-99.22311300000001
Mexico,Tequixquiac,19.9080343,-99.14568129999999
Mexico,Texcaltitlan,18.928535,-99.9356068
Mexico,Texcalyacac,19.1316119,-99.50030939999999
Mexico,Texcoco,19.3768718,-99.0078966
Mexico,Tezoyuca,19.59142,-98.91313000000001
Mexico,Tianguistenco,19.112517,-99.434558
Mexico,Timilpan,19.8751695,-99.73399719999999
Mexico,Tlalmanalco,19.2044444,-98.8025
Mexico,Tlalnepantla de Baz,NA,
Mexico,Tlatlaya,NA,
Mexico,Toluca,NA,
Mexico,Tonatico,NA,
Mexico,Tultepec,NA,
Mexico,Tultitlan,NA,
Mexico,Valle de Bravo,NA,
Mexico,Villa de Allende,NA,
Mexico,Villa del Carbon,NA,
Mexico,Villa Guerrero,NA,
Mexico,Villa Victoria,NA,
Mexico,Xonacatlan,NA,
Mexico,Zacazonapan,NA,
Mexico,Zacualpan,NA,
Mexico,Zinacantepec,NA,
Mexico,Zumpahuacan,18.8345654,-99.5814814
Mexico,Zumpango,19.7971119,-99.098933
Mexico,Cuautitlan Izcalli,19.645378,-99.21122199999999
Mexico,Valle de Chalco Solidaridad,19.2782165,-98.9430715
Mexico,Luvianos,18.916667,-100.4
Mexico,San Jose del Rincon,19.867029,-100.783378
Mexico,Tonanitla,19.6886094,-99.05300559999999
Michoacan de Ocampo,Acuitzio,20.3469265,-101.9761803
Michoacan de Ocampo,Aguililla,18.737714,-102.788323
Michoacan de Ocampo,alvaro Obregon,19.8232369,-101.0394356
Michoacan de Ocampo,Angamacutiro,NA,
Michoacan de Ocampo,Angangueo,NA,
Michoacan de Ocampo,Apatzingan,NA,
Michoacan de Ocampo,Aporo,NA,
Michoacan de Ocampo,Aquila,NA,
Michoacan de Ocampo,Ario,NA,
Michoacan de Ocampo,Arteaga,NA,
Michoacan de Ocampo,Brisenas,NA,
Michoacan de Ocampo,Buenavista,NA,
Michoacan de Ocampo,Caracuaro,NA,
Michoacan de Ocampo,Coahuayana,NA,
Michoacan de Ocampo,Coalcoman de Vazquez Pallares,NA,
Michoacan de Ocampo,Coeneo,NA,
Michoacan de Ocampo,Contepec,19.9521591,-100.1619222
Michoacan de Ocampo,Copandaro,19.8991004,-101.6627161
Michoacan de Ocampo,Cotija,19.8071529,-102.7017979
Michoacan de Ocampo,Cuitzeo,19.9691667,-101.14
Michoacan de Ocampo,Charapan,19.6491177,-102.2504469
Michoacan de Ocampo,Charo,19.7467384,-101.0442269
Michoacan de Ocampo,Chavinda,20.0069179,-102.4587426
Michoacan de Ocampo,Cheran,19.6866667,-101.9547222
Michoacan de Ocampo,Chilchota,19.8464674,-102.1176991
Michoacan de Ocampo,Chinicuila,18.0251857,-102.2136205
Michoacan de Ocampo,Chucandiro,NA,
Michoacan de Ocampo,Churintzio,NA,
Michoacan de Ocampo,Churumuco,NA,
Michoacan de Ocampo,Ecuandureo,NA,
Michoacan de Ocampo,Epitacio Huerta,NA,
Michoacan de Ocampo,Erongaricuaro,NA,
Michoacan de Ocampo,Gabriel Zamora,NA,
Michoacan de Ocampo,Hidalgo,NA,
Michoacan de Ocampo,La Huacana,NA,
Michoacan de Ocampo,Huandacareo,NA,
Michoacan de Ocampo,Huaniqueo,NA,
Michoacan de Ocampo,Huetamo,NA,
Michoacan de Ocampo,Huiramba,NA,
Michoacan de Ocampo,Indaparapeo,NA,
Michoacan de Ocampo,Irimbo,NA,
Michoacan de Ocampo,Ixtlan,NA,
Michoacan de Ocampo,Jacona,19.9471614,-102.3102691
Michoacan de Ocampo,Jimenez,19.8612268,-100.8233633
Michoacan de Ocampo,Jiquilpan,19.9912367,-102.7175569
Michoacan de Ocampo,Juarez,19.6951618,-101.1978414
Michoacan de Ocampo,Jungapeo,19.4922699,-100.4925991
Michoacan de Ocampo,Lagunillas,19.563036,-101.418757
Michoacan de Ocampo,Madero,19.9986169,-102.2830497
Michoacan de Ocampo,Maravatio,19.8939138,-100.4298225
Michoacan de Ocampo,Marcos Castellanos,20.0488124,-102.7074077
Michoacan de Ocampo,Lazaro Cardenas,20.2846963,-101.5972921
Michoacan de Ocampo,Morelia,NA,
Michoacan de Ocampo,Morelos,NA,
Michoacan de Ocampo,Mugica,NA,
Michoacan de Ocampo,Nahuatzen,NA,
Michoacan de Ocampo,Nocupetaro,NA,
Michoacan de Ocampo,Nuevo Parangaricutiro,NA,
Michoacan de Ocampo,Nuevo Urecho,NA,
Michoacan de Ocampo,Numaran,NA,
Michoacan de Ocampo,Ocampo,NA,
Michoacan de Ocampo,Pajacuaran,NA,
Michoacan de Ocampo,Panindicuaro,NA,
Michoacan de Ocampo,Paracuaro,NA,
Michoacan de Ocampo,Paracho,NA,
Michoacan de Ocampo,Patzcuaro,NA,
Michoacan de Ocampo,Penjamillo,20.073481,-101.937897
Michoacan de Ocampo,Periban,19.5144689,-102.421501
Michoacan de Ocampo,La Piedad,20.33699,-102.0224
Michoacan de Ocampo,Purepero,19.1002055,-102.5434275
Michoacan de Ocampo,Puruandiro,20.0883727,-101.5158874
Michoacan de Ocampo,Querendaro,19.8103184,-100.8918041
Michoacan de Ocampo,Quiroga,19.6637774,-101.5248521
Michoacan de Ocampo,Cojumatlan de Regules,20.117721,-102.851324
Michoacan de Ocampo,Los Reyes,19.5882217,-102.4698069
Michoacan de Ocampo,Sahuayo,20.0586847,-102.7146904
Michoacan de Ocampo,San Lucas,NA,
Michoacan de Ocampo,Santa Ana Maya,NA,
Michoacan de Ocampo,Salvador Escalante,NA,
Michoacan de Ocampo,Senguio,NA,
Michoacan de Ocampo,Susupuato,NA,
Michoacan de Ocampo,Tacambaro,NA,
Michoacan de Ocampo,Tancitaro,NA,
Michoacan de Ocampo,Tangamandapio,NA,
Michoacan de Ocampo,Tangancicuaro,NA,
Michoacan de Ocampo,Tanhuato,NA,
Michoacan de Ocampo,Taretan,NA,
Michoacan de Ocampo,Tarimbaro,NA,
Michoacan de Ocampo,Tepalcatepec,NA,
Michoacan de Ocampo,Tingambato,19.50174,-101.8535609
Michoacan de Ocampo,Tingﾌﾟindin,19.5665192,-101.7068294
Michoacan de Ocampo,Tiquicheo de Nicolas Romero,18.8997199,-100.7398671
Michoacan de Ocampo,Tlalpujahua,19.8055547,-100.1734224
Michoacan de Ocampo,Tlazazalca,19.9702137,-102.0562139
Michoacan de Ocampo,Tocumbo,19.7020667,-102.5225624
Michoacan de Ocampo,Tumbiscatio,18.5238089,-102.3774031
Michoacan de Ocampo,Turicato,19.0529909,-101.4186301
Michoacan de Ocampo,Tuxpan,19.5660937,-100.4622936
Michoacan de Ocampo,Tuzantla,19.2058864,-100.573995
Michoacan de Ocampo,Tzintzuntzan,NA,
Michoacan de Ocampo,Tzitzio,NA,
Michoacan de Ocampo,Uruapan,NA,
Michoacan de Ocampo,Venustiano Carranza,NA,
Michoacan de Ocampo,Villamar,NA,
Michoacan de Ocampo,Vista Hermosa,NA,
Michoacan de Ocampo,Yurecuaro,NA,
Michoacan de Ocampo,Zacapu,NA,
Michoacan de Ocampo,Zamora,NA,
Michoacan de Ocampo,Zinaparo,NA,
Michoacan de Ocampo,Zinapecuaro,19.860865,-100.754731
Michoacan de Ocampo,Ziracuaretiro,19.416371,-101.9102526
Michoacan de Ocampo,Zitacuaro,19.433959,-100.3519052
Michoacan de Ocampo,Jose Sixto Verduzco,19.6946719,-101.2376794
Morelos,Amacuzac,18.599086,-99.369607
Morelos,Atlatlahucan,18.933682,-98.897503
Morelos,Axochiapan,18.500239,-98.74973399999999
Morelos,Ayala,18.710304,-98.99001
Morelos,Coatlan del Rio,18.7438102,-99.4352529
Morelos,Cuautla,18.8126047,-98.9548261
Morelos,Cuernavaca,NA,
Morelos,Emiliano Zapata,NA,
Morelos,Huitzilac,NA,
Morelos,Jantetelco,NA,
Morelos,Jiutepec,NA,
Morelos,Jojutla,NA,
Morelos,Jonacatepec,NA,
Morelos,Mazatepec,NA,
Morelos,Miacatlan,NA,
Morelos,Ocuituco,NA,
Morelos,Puente de Ixtla,NA,
Morelos,Temixco,NA,
Morelos,Tepalcingo,NA,
Morelos,Tepoztlan,18.9852778,-99.09972220000002
Morelos,Tetecala,18.727412,-99.3978939
Morelos,Tetela del Volcan,18.893329,-98.72945399999999
Morelos,Tlalnepantla,19.0094874,-98.9982534
Morelos,Tlaltizapan,18.689144,-99.118605
Morelos,Tlaquiltenango,18.6325574,-99.16296659999999
Morelos,Tlayacapan,18.9555556,-98.98111109999999
Morelos,Totolapan,18.9873895,-98.9206188
Morelos,Xochitepec,18.780751,-99.231608
Morelos,Yautepec,18.8833333,-99.0666667
Morelos,Yecapixtla,NA,
Morelos,Zacatepec,NA,
Morelos,Zacualpan,NA,
Morelos,Temoac,NA,
Nayarit,Acaponeta,NA,
Nayarit,Ahuacatlan,NA,
Nayarit,Amatlan de Canas,NA,
Nayarit,Compostela,NA,
Nayarit,Huajicori,NA,
Nayarit,Ixtlan del Rio,NA,
Nayarit,Jala,NA,
Nayarit,Xalisco,NA,
Nayarit,Del Nayar,NA,
Nayarit,Rosamorada,NA,
Nayarit,Ruiz,NA,
Nayarit,San Blas,NA,
Nayarit,San Pedro Lagunillas,NA,
Nayarit,Santa Maria del Oro,21.3327942,-104.5881101
Nayarit,Santiago Ixcuintla,21.813351,-105.207603
Nayarit,Tecuala,22.3982422,-105.4569464
Nayarit,Tepic,21.5038734,-104.8945796
Nayarit,Tuxpan,21.942789,-105.2994
Nayarit,La Yesca,21.3182152,-104.0101271
Nayarit,Bahia de Banderas,20.673459,-105.3248269
Nuevo Leon,Abasolo,25.9436364,-100.3944911
Nuevo Leon,Agualeguas,26.3127579,-99.5390776
Nuevo Leon,Los Aldamas,26.0640022,-99.1957601
Nuevo Leon,Allende,NA,
Nuevo Leon,Anahuac,NA,
Nuevo Leon,Apodaca,NA,
Nuevo Leon,Aramberri,NA,
Nuevo Leon,Bustamante,NA,
Nuevo Leon,Cadereyta Jimenez,NA,
Nuevo Leon,Carmen,NA,
Nuevo Leon,Cerralvo,NA,
Nuevo Leon,Cienega de Flores,NA,
Nuevo Leon,China,NA,
Nuevo Leon,Dr. Arroyo,NA,
Nuevo Leon,Dr. Coss,NA,
Nuevo Leon,Dr. Gonzalez,NA,
Nuevo Leon,Galeana,NA,
Nuevo Leon,Garcia,NA,
Nuevo Leon,San Pedro Garza Garcia,NA,
Nuevo Leon,Gral. Bravo,25.7925759,-99.17862889999999
Nuevo Leon,Gral. Escobedo,25.7802165,-100.3161126
Nuevo Leon,Gral. Teran,25.2538199,-99.6780766
Nuevo Leon,Gral. Trevino,26.2229837,-99.4838189
Nuevo Leon,Gral. Zaragoza,23.9733943,-99.7727484
Nuevo Leon,Gral. Zuazua,25.8927447,-100.1060466
Nuevo Leon,Guadalupe,25.6841389,-100.2509989
Nuevo Leon,Los Herreras,25.9057049,-99.40644239999999
Nuevo Leon,Higueras,25.9634257,-100.0150624
Nuevo Leon,Hualahuises,24.8838082,-99.6751701
Nuevo Leon,Iturbide,NA,
Nuevo Leon,Juarez,NA,
Nuevo Leon,Lampazos de Naranjo,NA,
Nuevo Leon,Linares,NA,
Nuevo Leon,Marin,NA,
Nuevo Leon,Melchor Ocampo,NA,
Nuevo Leon,Mier y Noriega,NA,
Nuevo Leon,Mina,NA,
Nuevo Leon,Montemorelos,NA,
Nuevo Leon,Monterrey,NA,
Nuevo Leon,Paras,NA,
Nuevo Leon,Pesqueria,NA,
Nuevo Leon,Los Ramones,NA,
Nuevo Leon,Rayones,NA,
Nuevo Leon,Sabinas Hidalgo,26.5069047,-100.1794529
Nuevo Leon,Salinas Victoria,25.9638922,-100.2942166
Nuevo Leon,San Nicolas de los Garza,25.75,-100.2833333
Nuevo Leon,Hidalgo,25.9722174,-100.4506976
Nuevo Leon,Santa Catarina,25.6737633,-100.4605976
Nuevo Leon,Santiago,25.4269639,-100.1516828
Nuevo Leon,Vallecillo,26.6597107,-99.9869346
Nuevo Leon,Villaldama,26.5008192,-100.4259596
Oaxaca,Abejones,17.4369187,-96.6015104
Oaxaca,Acatlan de Perez Figueroa,18.5375878,-96.60531639999999
Oaxaca,Asuncion Cacalotepec,NA,
Oaxaca,Asuncion Cuyotepeji,NA,
Oaxaca,Asuncion Ixtaltepec,NA,
Oaxaca,Asuncion Nochixtlan,NA,
Oaxaca,Asuncion Ocotlan,NA,
Oaxaca,Asuncion Tlacolulita,NA,
Oaxaca,Ayotzintepec,NA,
Oaxaca,El Barrio de la Soledad,NA,
Oaxaca,Calihuala,NA,
Oaxaca,Candelaria Loxicha,NA,
Oaxaca,Cienega de Zimatlan,NA,
Oaxaca,Ciudad Ixtepec,NA,
Oaxaca,Coatecas Altas,NA,
Oaxaca,Coicoyan de las Flores,NA,
Oaxaca,La Compania,NA,
Oaxaca,Concepcion Buenavista,NA,
Oaxaca,Concepcion Papalo,17.8421017,-96.8815721
Oaxaca,Constancia del Rosario,17.0378827,-97.9431864
Oaxaca,Cosolapa,18.599243,-96.682946
Oaxaca,Cosoltepec,18.1427202,-97.7906646
Oaxaca,Cuilapam de Guerrero,16.995719,-96.77968
Oaxaca,Cuyamecalco Villa de Zaragoza,17.9667656,-96.83136209999999
Oaxaca,Chahuites,16.2865309,-94.1929799
Oaxaca,Chalcatongo de Hidalgo,17.0308889,-97.5708659
Oaxaca,Chiquihuitlan de Benito Juarez,17.9958277,-96.74545189999999
Oaxaca,Heroica Ciudad de Ejutla de Crespo,16.5647494,-96.7306673
Oaxaca,Eloxochitlan de Flores Magon,NA,
Oaxaca,El Espinal,NA,
Oaxaca,Tamazulapam del Espiritu Santo,NA,
Oaxaca,Fresnillo,NA,
Oaxaca,Guadalupe Etla,NA,
Oaxaca,Guadalupe de Ramirez,NA,
Oaxaca,Guelatao de Juarez,NA,
Oaxaca,Guevea de Humboldt,NA,
Oaxaca,Mesones Hidalgo,NA,
Oaxaca,Villa Hidalgo,NA,
Oaxaca,Heroica Ciudad de Huajuapan de Leon,NA,
Oaxaca,Huautepec,18.0943679,-96.7906759
Oaxaca,Huautla de Jimenez,18.1315007,-96.84085259999999
Oaxaca,Ixtlan de Juarez,17.3285819,-96.4804831
Oaxaca,Heroica Ciudad de Juchitan de Zaragoza,16.4329097,-95.01805139999999
Oaxaca,Loma Bonita,17.1082798,-96.7443813
Oaxaca,Magdalena Apasco,17.2406719,-96.8219174
Oaxaca,Magdalena Jaltepec,17.3205079,-97.2195098
Oaxaca,Santa Magdalena Jicotlan,17.8066478,-97.4698602
Oaxaca,Magdalena Mixtepec,16.8986546,-96.9033046
Oaxaca,Magdalena Ocotlan,16.7073009,-96.7102151
Oaxaca,Magdalena Penasco,NA,
Oaxaca,Magdalena Teitipac,NA,
Oaxaca,Magdalena Tequisistlan,NA,
Oaxaca,Magdalena Tlacotepec,NA,
Oaxaca,Magdalena Zahuatlan,NA,
Oaxaca,Mariscala de Juarez,NA,
Oaxaca,Martires de Tacubaya,NA,
Oaxaca,Matias Romero Avendano,NA,
Oaxaca,Mazatlan Villa de Flores,NA,
Oaxaca,Miahuatlan de Porfirio Diaz,NA,
Oaxaca,Mixistlan de la Reforma,NA,
Oaxaca,Monjas,16.3679709,-96.63672290000001
Oaxaca,Natividad,17.2970261,-96.4299022
Oaxaca,Nazareno Etla,17.1782674,-96.8187439
Oaxaca,Nejapa de Madero,16.6072008,-95.9792662
Oaxaca,Ixpantepec Nieves,17.5106174,-98.04898589999999
Oaxaca,Santiago Niltepec,16.5611537,-94.6138639
Oaxaca,Oaxaca de Juarez,17.0833333,-96.75
Oaxaca,Ocotlan de Morelos,16.7913889,-96.675
Oaxaca,La Pe,16.6295102,-96.7974229
Oaxaca,Pinotepa de Don Luis,16.4270769,-97.97658740000001
Oaxaca,Pluma Hidalgo,NA,
Oaxaca,San Jose del Progreso,NA,
Oaxaca,Putla Villa de Guerrero,NA,
Oaxaca,Santa Catarina Quioquitani,NA,
Oaxaca,Reforma de Pineda,NA,
Oaxaca,La Reforma,NA,
Oaxaca,Reyes Etla,NA,
Oaxaca,Rojas de Cuauhtemoc,NA,
Oaxaca,Salina Cruz,NA,
Oaxaca,San Agustin Amatengo,NA,
Oaxaca,San Agustin Atenango,NA,
Oaxaca,San Agustin Chayuco,NA,
Oaxaca,San Agustin de las Juntas,NA,
Oaxaca,San Agustin Etla,NA,
Oaxaca,San Agustin Loxicha,NA,
Oaxaca,San Agustin Tlacotepec,NA,
Oaxaca,San Agustin Yatareni,17.0770782,-96.66723259999999
Oaxaca,San Andres Cabecera Nueva,16.8890398,-97.67842820000001
Oaxaca,San Andres Dinicuiti,17.6892576,-97.7271882
Oaxaca,San Andres Huaxpaltepec,16.3288109,-97.9176284
Oaxaca,San Andres Huayapam,17.1,-96.6666667
Oaxaca,San Andres Ixtlahuaca,17.0690427,-96.8223342
Oaxaca,San Andres Lagunas,17.572366,-97.5212825
Oaxaca,San Andres Nuxino,17.2387917,-97.1042889
Oaxaca,San Andres Paxtlan,16.2177877,-96.5093728
Oaxaca,San Andres Sinaxtla,17.4670034,-97.2830278
Oaxaca,San Andres Solaga,NA,
Oaxaca,San Andres Teotilalpam,NA,
Oaxaca,San Andres Tepetlapa,NA,
Oaxaca,San Andres Yaa,NA,
Oaxaca,San Andres Zabache,NA,
Oaxaca,San Andres Zautla,NA,
Oaxaca,San Antonino Castillo Velasco,NA,
Oaxaca,San Antonino el Alto,NA,
Oaxaca,San Antonino Monte Verde,NA,
Oaxaca,San Antonio Acutla,NA,
Oaxaca,San Antonio de la Cal,NA,
Oaxaca,San Antonio Huitepec,NA,
Oaxaca,San Antonio Nanahuatipam,NA,
Oaxaca,San Antonio Sinicahua,NA,
Oaxaca,San Antonio Tepetlapa,16.5418499,-98.0651101
Oaxaca,San Baltazar Chichicapam,16.7666667,-96.4833333
Oaxaca,San Baltazar Loxicha,16.0719969,-96.7906571
Oaxaca,San Baltazar Yatzachi el Bajo,17.2185446,-96.20884
Oaxaca,San Bartolo Coyotepec,16.9566138,-96.7063457
Oaxaca,San Bartolome Ayautla,18.0311952,-96.6722084
Oaxaca,San Bartolome Loxicha,15.9705656,-96.7099348
Oaxaca,San Bartolome Quialana,16.9016185,-96.50090379999999
Oaxaca,San Bartolome Yucuane,17.2395715,-97.4490502
Oaxaca,San Bartolome Zoogocho,17.2441453,-96.24977229999999
Oaxaca,San Bartolo Soyaltepec,NA,
Oaxaca,San Bartolo Yautepec,NA,
Oaxaca,San Bernardo Mixtepec,NA,
Oaxaca,San Blas Atempa,NA,
Oaxaca,San Carlos Yautepec,NA,
Oaxaca,San Cristobal Amatlan,NA,
Oaxaca,San Cristobal Amoltepec,NA,
Oaxaca,San Cristobal Lachirioag,NA,
Oaxaca,San Cristobal Suchixtlahuaca,NA,
Oaxaca,San Dionisio del Mar,NA,
Oaxaca,San Dionisio Ocotepec,NA,
Oaxaca,San Dionisio Ocotlan,NA,
Oaxaca,San Esteban Atatlahuca,NA,
Oaxaca,San Felipe Jalapa de Diaz,NA,
Oaxaca,San Felipe Tejalapam,NA,
Oaxaca,San Felipe Usila,NA,
Oaxaca,San Francisco Cahuacua,16.8905972,-97.30004369999999
Oaxaca,San Francisco Cajonos,17.16409,-96.24578319999999
Oaxaca,San Francisco Chapulapa,17.9511074,-96.73848609999999
Oaxaca,San Francisco Chindua,17.4292209,-97.3116112
Oaxaca,San Francisco del Mar,16.336648,-94.51647
Oaxaca,San Francisco Huehuetlan,18.1966697,-96.9474456
Oaxaca,San Francisco Ixhuatan,16.35,-94.48333330000001
Oaxaca,San Francisco Jaltepetongo,17.3868225,-97.2619587
Oaxaca,San Francisco Lachigolo,17.0149139,-96.60180629999999
Oaxaca,San Francisco Logueche,16.3537025,-96.3757309
Oaxaca,San Francisco Nuxano,NA,
Oaxaca,San Francisco Ozolotepec,NA,
Oaxaca,San Francisco Sola,NA,
Oaxaca,San Francisco Telixtlahuaca,NA,
Oaxaca,San Francisco Teopan,NA,
Oaxaca,San Francisco Tlapancingo,NA,
Oaxaca,San Gabriel Mixtepec,NA,
Oaxaca,San Ildefonso Amatlan,NA,
Oaxaca,San Ildefonso Sola,NA,
Oaxaca,San Ildefonso Villa Alta,NA,
Oaxaca,San Jacinto Amilpas,NA,
Oaxaca,San Jacinto Tlacotepec,NA,
Oaxaca,San Jeronimo Coatlan,NA,
Oaxaca,San Jeronimo Silacayoapilla,NA,
Oaxaca,San Jeronimo Sosola,NA,
Oaxaca,San Jeronimo Taviche,16.7057099,-96.58413859999999
Oaxaca,San Jeronimo Tecoatl,18.1653922,-96.9124981
Oaxaca,San Jorge Nuchita,17.6565312,-98.1047219
Oaxaca,San Jose Ayuquila,17.9411272,-97.9677571
Oaxaca,San Jose Chiltepec,17.9483517,-96.1673722
Oaxaca,San Jose del Penasco,16.3191247,-96.49387910000002
Oaxaca,San Jose Estancia Grande,16.3698514,-98.2461361
Oaxaca,San Jose Independencia,18.2396219,-96.66255609999999
Oaxaca,San Jose Lachiguiri,16.3788539,-96.33473149999999
Oaxaca,San Jose Tenango,18.1492143,-96.71614849999999
Oaxaca,San Juan Achiutla,NA,
Oaxaca,San Juan Atepec,NA,
Oaxaca,animas Trujano,NA,
Oaxaca,San Juan Bautista Atatlahuca,NA,
Oaxaca,San Juan Bautista Coixtlahuaca,NA,
Oaxaca,San Juan Bautista Cuicatlan,NA,
Oaxaca,San Juan Bautista Guelache,NA,
Oaxaca,San Juan Bautista Jayacatlan,NA,
Oaxaca,San Juan Bautista Lo de Soto,NA,
Oaxaca,San Juan Bautista Suchitepec,NA,
Oaxaca,San Juan Bautista Tlacoatzintepec,NA,
Oaxaca,San Juan Bautista Tlachichilco,NA,
Oaxaca,San Juan Bautista Tuxtepec,NA,
Oaxaca,San Juan Cacahuatepec,NA,
Oaxaca,San Juan Cieneguilla,NA,
Oaxaca,San Juan Coatzospam,18.0485457,-96.7626171
Oaxaca,San Juan Colorado,16.4591914,-97.9538796
Oaxaca,San Juan Comaltepec,17.345118,-95.95269599999999
Oaxaca,San Juan Cotzocon,17.163192,-95.7787455
Oaxaca,San Juan Chicomezuchil,17.2884584,-96.4954819
Oaxaca,San Juan Chilateca,16.8297223,-96.6694864
Oaxaca,San Juan del Estado,17.2749644,-96.79833389999999
Oaxaca,San Juan del Rio,16.8837432,-96.16391990000001
Oaxaca,San Juan Diuxi,17.2838274,-97.37767180000002
Oaxaca,San Juan Evangelista Analco,17.4057194,-96.53856189999999
Oaxaca,San Juan Guelavia,NA,
Oaxaca,San Juan Guichicovi,NA,
Oaxaca,San Juan Ihualtepec,NA,
Oaxaca,San Juan Juquila Mixes,NA,
Oaxaca,San Juan Juquila Vijanos,NA,
Oaxaca,San Juan Lachao,NA,
Oaxaca,San Juan Lachigalla,NA,
Oaxaca,San Juan Lajarcia,NA,
Oaxaca,San Juan Lalana,NA,
Oaxaca,San Juan de los Cues,NA,
Oaxaca,San Juan Mazatlan,NA,
Oaxaca,San Juan Mixtepec -Dto. 08 -,16.9961124,-96.778369
Oaxaca,San Juan Mixtepec -Dto. 26 -,16.9961124,-96.778369
Oaxaca,San Juan ���umi,17.3977716,-97.7051877
Oaxaca,San Juan Ozolotepec,17.2832509,-95.5761721
Oaxaca,San Juan Petlapa,17.4683504,-96.0359558
Oaxaca,San Juan Quiahije,16.3009879,-97.3187779
Oaxaca,San Juan Quiotepec,17.5950855,-96.59296239999999
Oaxaca,San Juan Sayultepec,17.4501094,-97.2853963
Oaxaca,San Juan Tabaa,17.3048532,-96.2064711
Oaxaca,San Juan Tamazola,17.1576575,-97.2232772
Oaxaca,San Juan Teita,NA,
Oaxaca,San Juan Teitipac,NA,
Oaxaca,San Juan Tepeuxila,NA,
Oaxaca,San Juan Teposcolula,NA,
Oaxaca,San Juan Yaee,NA,
Oaxaca,San Juan Yatzona,NA,
Oaxaca,San Juan Yucuita,NA,
Oaxaca,San Lorenzo,NA,
Oaxaca,San Lorenzo Albarradas,NA,
Oaxaca,San Lorenzo Cacaotepec,NA,
Oaxaca,San Lorenzo Cuaunecuiltitla,NA,
Oaxaca,San Lorenzo Texmelucan,NA,
Oaxaca,San Lorenzo Victoria,NA,
Oaxaca,San Lucas Camotlan,NA,
Oaxaca,San Lucas Ojitlan,NA,
Oaxaca,San Lucas Quiavini,NA,
Oaxaca,San Lucas Zoquiapam,18.1353249,-96.9058429
Oaxaca,San Luis Amatlan,16.3877194,-96.4970294
Oaxaca,San Marcial Ozolotepec,16.0891347,-96.4056449
Oaxaca,San Marcos Arteaga,17.719796,-97.86098319999999
Oaxaca,San Martin de los Cansecos,16.6554294,-96.7287296
Oaxaca,San Martin Huamelulpam,17.3965946,-97.60665739999999
Oaxaca,San Martin Itunyoso,17.228385,-97.881418
Oaxaca,San Martin Lachila,16.6104449,-96.8490306
Oaxaca,San Martin Peras,17.359898,-98.24109399999999
Oaxaca,San Martin Tilcajete,16.8591341,-96.6959952
Oaxaca,San Martin Toxpalan,NA,
Oaxaca,San Martin Zacatepec,NA,
Oaxaca,San Mateo Cajonos,NA,
Oaxaca,Capulalpam de Mendez,NA,
Oaxaca,San Mateo del Mar,NA,
Oaxaca,San Mateo Yoloxochitlan,NA,
Oaxaca,San Mateo Etlatongo,NA,
Oaxaca,San Mateo Nejapam,NA,
Oaxaca,San Mateo Penasco,NA,
Oaxaca,San Mateo Pinas,NA,
Oaxaca,San Mateo Rio Hondo,NA,
Oaxaca,San Mateo Sindihui,NA,
Oaxaca,San Mateo Tlapiltepec,NA,
Oaxaca,San Melchor Betaza,17.2514272,-96.1550144
Oaxaca,San Miguel Achiutla,17.3063357,-97.4891966
Oaxaca,San Miguel Ahuehuetitlan,17.6726443,-98.3206105
Oaxaca,San Miguel Aloapam,17.4116234,-96.69249789999999
Oaxaca,San Miguel Amatitlan,17.8913587,-98.02666359999999
Oaxaca,San Miguel Amatlan,17.2726672,-96.47153089999999
Oaxaca,San Miguel Coatlan,16.1580009,-96.6814881
Oaxaca,San Miguel Chicahua,17.6376102,-97.19369859999999
Oaxaca,San Miguel Chimalapa,16.7172179,-94.7441221
Oaxaca,San Miguel del Puerto,15.9202909,-96.1729261
Oaxaca,San Miguel del Rio,NA,
Oaxaca,San Miguel Ejutla,NA,
Oaxaca,San Miguel el Grande,NA,
Oaxaca,San Miguel Huautla,NA,
Oaxaca,San Miguel Mixtepec,NA,
Oaxaca,San Miguel Panixtlahuaca,NA,
Oaxaca,San Miguel Peras,NA,
Oaxaca,San Miguel Piedras,NA,
Oaxaca,San Miguel Quetzaltepec,NA,
Oaxaca,San Miguel Santa Flor,NA,
Oaxaca,Villa Sola de Vega,NA,
Oaxaca,San Miguel Soyaltepec,NA,
Oaxaca,San Miguel Suchixtepec,NA,
Oaxaca,Villa Talea de Castro,NA,
Oaxaca,San Miguel Tecomatlan,NA,
Oaxaca,San Miguel Tenango,16.2660369,-95.5965461
Oaxaca,San Miguel Tequixtepec,16.95761,-96.75370509999999
Oaxaca,San Miguel Tilquiapam,16.7808817,-96.58114259999999
Oaxaca,San Miguel Tlacamama,16.4148359,-98.0631599
Oaxaca,San Miguel Tlacotepec,17.459541,-98.003233
Oaxaca,San Miguel Tulancingo,17.7495448,-97.4414371
Oaxaca,San Miguel Yotao,17.3722639,-96.33394469999999
Oaxaca,San Nicolas,16.4248167,-96.7426179
Oaxaca,San Nicolas Hidalgo,17.7823864,-98.14419439999999
Oaxaca,San Pablo Coatlan,16.2231447,-96.7842996
Oaxaca,San Pablo Cuatro Venados,NA,
Oaxaca,San Pablo Etla,NA,
Oaxaca,San Pablo Huitzo,NA,
Oaxaca,San Pablo Huixtepec,NA,
Oaxaca,San Pablo Macuiltianguis,NA,
Oaxaca,San Pablo Tijaltepec,NA,
Oaxaca,San Pablo Villa de Mitla,NA,
Oaxaca,San Pablo Yaganiza,NA,
Oaxaca,San Pedro Amuzgos,NA,
Oaxaca,San Pedro Apostol,NA,
Oaxaca,San Pedro Atoyac,NA,
Oaxaca,San Pedro Cajonos,NA,
Oaxaca,San Pedro Coxcaltepec Cantaros,NA,
Oaxaca,San Pedro Comitancillo,NA,
Oaxaca,San Pedro el Alto,NA,
Oaxaca,San Pedro Huamelula,16.0278032,-95.66760459999999
Oaxaca,San Pedro Huilotepec,16.2444054,-95.1512309
Oaxaca,San Pedro Ixcatlan,18.1443767,-96.51017159999999
Oaxaca,San Pedro Ixtlahuaca,17.0627408,-96.81600499999999
Oaxaca,San Pedro Jaltepetongo,17.6884934,-97.0319289
Oaxaca,San Pedro Jicayan,16.4498522,-98.0152446
Oaxaca,San Pedro Jocotipac,17.7683446,-97.07844419999999
Oaxaca,San Pedro Juchatengo,16.3442889,-97.0897686
Oaxaca,San Pedro Martir,16.7399564,-96.72511039999999
Oaxaca,San Pedro Martir Quiechapa,16.413858,-96.2457285
Oaxaca,San Pedro Martir Yucuxaco,NA,
Oaxaca,San Pedro Mixtepec -Dto. 22 -,NA,
Oaxaca,San Pedro Mixtepec -Dto. 26 -,NA,
Oaxaca,San Pedro Molinos,NA,
Oaxaca,San Pedro Nopala,NA,
Oaxaca,San Pedro Ocopetatillo,NA,
Oaxaca,San Pedro Ocotepec,NA,
Oaxaca,San Pedro Pochutla,NA,
Oaxaca,San Pedro Quiatoni,NA,
Oaxaca,San Pedro Sochiapam,NA,
Oaxaca,San Pedro Tapanatepec,NA,
Oaxaca,San Pedro Taviche,NA,
Oaxaca,San Pedro Teozacoalco,NA,
Oaxaca,San Pedro Teutila,NA,
Oaxaca,San Pedro Tidaa,NA,
Oaxaca,San Pedro Topiltepec,NA,
Oaxaca,San Pedro Totolapam,16.6691253,-96.30816820000001
Oaxaca,Villa de Tututepec de Melchor Ocampo,16.1298704,-97.60850429999999
Oaxaca,San Pedro Yaneri,17.4186908,-96.3582809
Oaxaca,San Pedro Yolox,17.5884774,-96.5514604
Oaxaca,San Pedro y San Pablo Ayutla,17.0264624,-96.0758366
Oaxaca,Villa de Etla,17.2065497,-96.7981239
Oaxaca,San Pedro y San Pablo Teposcolula,17.5105133,-97.488446
Oaxaca,San Pedro y San Pablo Tequixtepec,18.0588584,-97.71848659999999
Oaxaca,San Pedro Yucunama,17.5603202,-97.4827499
Oaxaca,San Raymundo Jalpan,16.9704959,-96.7566911
Oaxaca,San Sebastian Abasolo,NA,
Oaxaca,San Sebastian Coatlan,NA,
Oaxaca,San Sebastian Ixcapa,NA,
Oaxaca,San Sebastian Nicananduta,NA,
Oaxaca,San Sebastian Rio Hondo,NA,
Oaxaca,San Sebastian Tecomaxtlahuaca,NA,
Oaxaca,San Sebastian Teitipac,NA,
Oaxaca,San Sebastian Tutla,NA,
Oaxaca,San Simon Almolongas,NA,
Oaxaca,San Simon Zahuatlan,17.8275483,-98.0042715
Oaxaca,Santa Ana,16.9919701,-96.4694469
Oaxaca,Santa Ana Ateixtlahuaca,18.2320899,-96.89984109999999
Oaxaca,Santa Ana Cuauhtemoc,17.9847739,-96.79456259999999
Oaxaca,Santa Ana del Valle,16.9930744,-96.4713414
Oaxaca,Santa Ana Tavela,16.6543409,-95.9095074
Oaxaca,Santa Ana Tlapacoyan,16.7421927,-96.8364709
Oaxaca,Santa Ana Yareni,17.3968099,-96.6085921
Oaxaca,Santa Ana Zegache,16.835925,-96.7295122
Oaxaca,Santa Catalina Quieri,16.3215704,-96.26421529999999
Oaxaca,Santa Catarina Cuixtla,NA,
Oaxaca,Santa Catarina Ixtepeji,NA,
Oaxaca,Santa Catarina Juquila,NA,
Oaxaca,Santa Catarina Lachatao,NA,
Oaxaca,Santa Catarina Loxicha,NA,
Oaxaca,Santa Catarina Mechoacan,NA,
Oaxaca,Santa Catarina Minas,NA,
Oaxaca,Santa Catarina Quiane,NA,
Oaxaca,Santa Catarina Tayata,NA,
Oaxaca,Santa Catarina Ticua,NA,
Oaxaca,Santa Catarina Yosonotu,NA,
Oaxaca,Santa Catarina Zapoquila,NA,
Oaxaca,Santa Cruz Acatepec,NA,
Oaxaca,Santa Cruz Amilpas,NA,
Oaxaca,Santa Cruz de Bravo,NA,
Oaxaca,Santa Cruz Itundujia,16.8747983,-97.6607667
Oaxaca,Santa Cruz Mixtepec,16.7911267,-96.8809386
Oaxaca,Santa Cruz Nundaco,17.1733402,-97.71444439999999
Oaxaca,Santa Cruz Papalutla,16.9511485,-96.57285569999999
Oaxaca,Santa Cruz Tacache de Mina,17.8332562,-98.1550316
Oaxaca,Santa Cruz Tacahua,16.9170341,-97.4921263
Oaxaca,Santa Cruz Tayata,17.3575521,-97.5700528
Oaxaca,Santa Cruz Xitla,16.3215262,-96.6736876
Oaxaca,Santa Cruz Xoxocotlan,17.0262131,-96.7327033
Oaxaca,Santa Cruz Zenzontepec,16.5334303,-97.4953304
Oaxaca,Santa Gertrudis,NA,
Oaxaca,Santa Ines del Monte,NA,
Oaxaca,Santa Ines Yatzeche,NA,
Oaxaca,Santa Lucia del Camino,NA,
Oaxaca,Santa Lucia Miahuatlan,NA,
Oaxaca,Santa Lucia Monteverde,NA,
Oaxaca,Santa Lucia Ocotlan,NA,
Oaxaca,Santa Maria Alotepec,NA,
Oaxaca,Santa Maria Apazco,NA,
Oaxaca,Santa Maria la Asuncion,NA,
Oaxaca,Heroica Ciudad de Tlaxiaco,NA,
Oaxaca,Ayoquezco de Aldama,NA,
Oaxaca,Santa Maria Atzompa,NA,
Oaxaca,Santa Maria Camotlan,NA,
Oaxaca,Santa Maria Colotepec,NA,
Oaxaca,Santa Maria Cortijo,16.4502647,-98.2853379
Oaxaca,Santa Maria Coyotepec,16.966201,-96.7062954
Oaxaca,Santa Maria Chachoapam,17.0691431,-96.74533579999999
Oaxaca,Villa de Chilapa de Diaz,17.5870974,-97.6320078
Oaxaca,Santa Maria Chilchotla,18.2332161,-96.829651
Oaxaca,Santa Maria Chimalapa,16.9089318,-94.6838743
Oaxaca,Santa Maria del Rosario,17.3514434,-97.5951588
Oaxaca,Santa Maria del Tule,17.0465834,-96.6336333
Oaxaca,Santa Maria Ecatepec,16.2796362,-95.8801939
Oaxaca,Santa Maria Guelace,17.0032668,-96.60198659999999
Oaxaca,Santa Maria Guienagati,NA,
Oaxaca,Santa Maria Huatulco,NA,
Oaxaca,Santa Maria Huazolotitlan,NA,
Oaxaca,Santa Maria Ipalapa,NA,
Oaxaca,Santa Maria Ixcatlan,NA,
Oaxaca,Santa Maria Jacatepec,NA,
Oaxaca,Santa Maria Jalapa del Marques,NA,
Oaxaca,Santa Maria Jaltianguis,NA,
Oaxaca,Santa Maria Lachixio,NA,
Oaxaca,Santa Maria Mixtequilla,NA,
Oaxaca,Santa Maria Nativitas,NA,
Oaxaca,Santa Maria Nduayaco,NA,
Oaxaca,Santa Maria Ozolotepec,NA,
Oaxaca,Santa Maria Papalo,NA,
Oaxaca,Santa Maria Penoles,17.0771799,-96.9996129
Oaxaca,Santa Maria Petapa,16.8203692,-95.11915739999999
Oaxaca,Santa Maria Quiegolani,16.2774217,-96.0517486
Oaxaca,Santa Maria Sola,16.5683498,-97.019014
Oaxaca,Santa Maria Tataltepec,17.141041,-97.39268229999999
Oaxaca,Santa Maria Tecomavaca,17.9555367,-97.02239089999999
Oaxaca,Santa Maria Temaxcalapa,17.3805611,-96.1618927
Oaxaca,Santa Maria Temaxcaltepec,16.1630702,-97.1956459
Oaxaca,Santa Maria Teopoxco,18.1678382,-96.95435040000001
Oaxaca,Santa Maria Tepantlali,16.9961339,-96.0091097
Oaxaca,Santa Maria Texcatitlan,NA,
Oaxaca,Santa Maria Tlahuitoltepec,NA,
Oaxaca,Santa Maria Tlalixtac,NA,
Oaxaca,Santa Maria Tonameca,NA,
Oaxaca,Santa Maria Totolapilla,NA,
Oaxaca,Santa Maria Xadani,NA,
Oaxaca,Santa Maria Yalina,NA,
Oaxaca,Santa Maria Yavesia,NA,
Oaxaca,Santa Maria Yolotepec,NA,
Oaxaca,Santa Maria Yosoyua,NA,
Oaxaca,Santa Maria Yucuhiti,NA,
Oaxaca,Santa Maria Zacatepec,NA,
Oaxaca,Santa Maria Zaniza,NA,
Oaxaca,Santa Maria Zoquitlan,NA,
Oaxaca,Santiago Amoltepec,NA,
Oaxaca,Santiago Apoala,17.6493826,-97.137413
Oaxaca,Santiago Apostol,16.8017903,-96.7205474
Oaxaca,Santiago Astata,15.9851354,-95.6748016
Oaxaca,Santiago Atitlan,17.1008508,-95.940818
Oaxaca,Santiago Ayuquililla,17.9370612,-97.9619187
Oaxaca,Santiago Cacaloxtepec,17.7192819,-97.74213429999999
Oaxaca,Santiago Camotlan,17.4449662,-96.18500829999999
Oaxaca,Santiago Comaltepec,17.5652264,-96.5474984
Oaxaca,Santiago Chazumba,18.1884814,-97.6788856
Oaxaca,Santiago Choapam,17.3591766,-95.9229103
Oaxaca,Santiago del Rio,NA,
Oaxaca,Santiago Huajolotitlan,NA,
Oaxaca,Santiago Huauclilla,NA,
Oaxaca,Santiago Ihuitlan Plumas,NA,
Oaxaca,Santiago Ixcuintepec,NA,
Oaxaca,Santiago Ixtayutla,NA,
Oaxaca,Santiago Jamiltepec,NA,
Oaxaca,Santiago Jocotepec,NA,
Oaxaca,Santiago Juxtlahuaca,NA,
Oaxaca,Santiago Lachiguiri,NA,
Oaxaca,Santiago Lalopa,NA,
Oaxaca,Santiago Laollaga,NA,
Oaxaca,Santiago Laxopa,NA,
Oaxaca,Santiago Llano Grande,NA,
Oaxaca,Santiago Matatlan,NA,
Oaxaca,Santiago Miltepec,NA,
Oaxaca,Santiago Minas,16.4186867,-97.2225246
Oaxaca,Santiago Nacaltepec,17.5131869,-96.92325389999999
Oaxaca,Santiago Nejapilla,17.4208257,-97.3716676
Oaxaca,Santiago Nundiche,17.3275595,-97.6724808
Oaxaca,Santiago Nuyoo,17.015309,-97.766655
Oaxaca,Santiago Pinotepa Nacional,16.341345,-98.053625
Oaxaca,Santiago Suchilquitongo,17.2463779,-96.8701474
Oaxaca,Santiago Tamazola,17.6691752,-98.22101889999999
Oaxaca,Santiago Tapextla,16.3402002,-98.4465156
Oaxaca,Villa Tejupam de la Union,17.663338,-97.46901790000001
Oaxaca,Santiago Tenango,NA,
Oaxaca,Santiago Tepetlapa,NA,
Oaxaca,Santiago Tetepec,NA,
Oaxaca,Santiago Texcalcingo,NA,
Oaxaca,Santiago Textitlan,NA,
Oaxaca,Santiago Tilantongo,NA,
Oaxaca,Santiago Tillo,NA,
Oaxaca,Santiago Tlazoyaltepec,NA,
Oaxaca,Santiago Xanica,NA,
Oaxaca,Santiago Xiacui,NA,
Oaxaca,Santiago Yaitepec,NA,
Oaxaca,Santiago Yaveo,NA,
Oaxaca,Santiago Yolomecatl,17.4711049,-97.5705413
Puebla,Santiago Yosondua,19.0412967,-98.20619959999999
Puebla,Santiago Yucuyachi,17.8716792,-98.06875029999999
Puebla,Santiago Zacatepec,19.341331,-98.99076579999999
Puebla,Santiago Zoochila,18.9957179,-98.18371979999999
Puebla,Nuevo Zoquiapam,19.1056844,-98.320307
Puebla,Santo Domingo Ingenio,19.0412967,-98.20619959999999
Puebla,Santo Domingo Albarradas,19.0412967,-98.20619959999999
Puebla,Santo Domingo Armenta,19.1113658,-98.2069956
Puebla,Santo Domingo Chihuitan,16.3171822,-95.2522535
Puebla,Santo Domingo de Morelos,NA,
Puebla,Santo Domingo Ixcatlan,NA,
Puebla,Santo Domingo Nuxaa,NA,
Puebla,Santo Domingo Ozolotepec,NA,
Puebla,Santo Domingo Petapa,NA,
Puebla,Santo Domingo Roayaga,NA,
Puebla,Santo Domingo Tehuantepec,NA,
Puebla,Santo Domingo Teojomulco,NA,
Puebla,Santo Domingo Tepuxtepec,NA,
Puebla,Santo Domingo Tlatayapam,NA,
Puebla,Santo Domingo Tomaltepec,19.0412967,-98.20619959999999
Puebla,Santo Domingo Tonala,18.4508455,-97.3957578
Puebla,Santo Domingo Tonaltepec,19.0412967,-98.20619959999999
Puebla,Santo Domingo Xagacia,19.0412967,-98.20619959999999
Puebla,Santo Domingo Yanhuitlan,18.2891627,-97.28863179999999
Puebla,Santo Domingo Yodohino,19.0412967,-98.20619959999999
Puebla,Santo Domingo Zanatepec,20.515483,-97.76520699999999
Puebla,Santos Reyes Nopala,20.2314183,-98.0658066
Puebla,Santos Reyes Papalo,19.0412967,-98.20619959999999
Puebla,Santos Reyes Tepejillo,18.05138,-97.84229099999999
Puebla,Santos Reyes Yucuna,NA,
Puebla,Santo Tomas Jalieza,NA,
Puebla,Santo Tomas Mazaltepec,NA,
Puebla,Santo Tomas Ocotepec,NA,
Puebla,Santo Tomas Tamazulapan,NA,
Puebla,San Vicente Coatlan,NA,
Puebla,San Vicente Lachixio,NA,
Puebla,San Vicente Nunu,NA,
Puebla,Silacayoapam,NA,
Puebla,Sitio de Xitlapehua,NA,
Puebla,Soledad Etla,NA,
Puebla,Villa de Tamazulapam del Progreso,NA,
Puebla,Tanetze de Zaragoza,NA,
Puebla,Taniche,NA,
Puebla,Tataltepec de Valdes,19.0412967,-98.20619959999999
Puebla,Teococuilco de Marcos Perez,18.7574015,-97.6536313
Puebla,Teotitlan de Flores Magon,18.1289417,-97.0720314
Puebla,Teotitlan del Valle,18.445475,-97.37910169999999
Puebla,Teotongo,19.338192,-98.98192440000001
Puebla,Tepelmeme Villa de Morelos,19.0627846,-98.19088630000002
Puebla,Tezoatlan de Segura y Luna,18.9688589,-98.23282309999999
Puebla,San Jeronimo Tlacochahuaya,19.0412967,-98.20619959999999
Puebla,Tlacolula de Matamoros,19.0107737,-98.2286116
Puebla,Tlacotepec Plumas,19.0412967,-98.20619959999999
Puebla,Tlalixtac de Cabrera,NA,
Puebla,Totontepec Villa de Morelos,NA,
Puebla,Trinidad Zaachila,NA,
Puebla,La Trinidad Vista Hermosa,NA,
Puebla,Union Hidalgo,NA,
Puebla,Valerio Trujano,NA,
Puebla,San Juan Bautista Valle Nacional,NA,
Puebla,Villa Diaz Ordaz,NA,
Puebla,Yaxe,NA,
Puebla,Magdalena Yodocono de Porfirio Diaz,NA,
Puebla,Yogana,NA,
Puebla,Yutanduchi de Guerrero,19.0748223,-98.2534311
Puebla,Villa de Zaachila,18.9957179,-98.18371979999999
Puebla,San Mateo Yucutindo,19.0412967,-98.20619959999999
Puebla,Zapotitlan Lagunas,17.7530906,-98.3903431
Puebla,Zapotitlan Palmas,17.8900682,-97.8188272
Puebla,Santa Ines de Zaragoza,19.0955876,-98.19410549999999
Puebla,Zimatlan de alvarez,18.3533134,-97.2648588
Puebla,Acajete,19.1062912,-97.9524076
Puebla,Acateno,20.129878,-97.20855
Puebla,Acatlan,18.21328,-98.055351
Puebla,Acatzingo,NA,
Puebla,Acteopan,NA,
Puebla,Ahuacatlan,NA,
Puebla,Ahuatlan,NA,
Puebla,Ahuazotepec,NA,
Puebla,Ahuehuetitla,NA,
Puebla,Ajalpan,NA,
Puebla,Albino Zertuche,NA,
Puebla,Aljojuca,NA,
Puebla,Altepexi,NA,
Puebla,Amixtlan,NA,
Puebla,Amozoc,19.0407699,-98.045937
Puebla,Aquixtla,19.7960219,-97.9337844
Puebla,Atempan,19.8363602,-97.4567726
Puebla,Atexcal,18.3995279,-97.7366826
Puebla,Atlixco,18.902286,-98.4392079
Puebla,Atoyatempan,18.8210292,-97.91320209999999
Puebla,Atzala,18.5462597,-98.55284909999999
Puebla,Atzitzihuacan,18.9176085,-98.4161645
Puebla,Atzitzintla,18.8969729,-97.3240234
Puebla,Axutla,18.1882099,-98.3898306
Puebla,Ayotoxco de Guerrero,NA,
Puebla,Calpan,NA,
Puebla,Caltepec,NA,
Puebla,Camocuautla,NA,
Puebla,Caxhuacan,NA,
Puebla,Coatepec,NA,
Puebla,Coatzingo,NA,
Puebla,Cohetzala,NA,
Puebla,Cohuecan,NA,
Puebla,Coronango,NA,
Puebla,Coxcatlan,NA,
Puebla,Coyomeapan,NA,
Puebla,Coyotepec,NA,
Puebla,Cuapiaxtla de Madero,NA,
Puebla,Cuautempan,NA,
Puebla,Cuautinchan,18.9542208,-98.0174608
Puebla,Cuautlancingo,19.1044894,-98.2765151
Puebla,Cuayuca de Andrade,21.1235006,-101.6913376
Puebla,Cuetzalan del Progreso,20.0173762,-97.52208809999999
Puebla,Cuyoaco,19.5960964,-97.6152704
Puebla,Chalchicomula de Sesma,19.0038141,-97.4580818
Puebla,Chapulco,18.6192134,-97.4105056
Puebla,Chiautla,18.2782799,-98.5902711
Puebla,Chiautzingo,19.2024067,-98.46544469999999
Puebla,Chiconcuautla,20.0944682,-97.9389566
Puebla,Chichiquila,NA,
Puebla,Chietla,NA,
Puebla,Chigmecatitlan,NA,
Puebla,Chignahuapan,NA,
Puebla,Chignautla,NA,
Puebla,Chila,NA,
Puebla,Chila de la Sal,NA,
Puebla,Honey,NA,
Puebla,Chilchotla,NA,
Puebla,Chinantla,NA,
Puebla,Domingo Arenas,NA,
Puebla,Eloxochitlan,NA,
Puebla,Epatlan,NA,
Puebla,Esperanza,18.8590354,-97.377318
Puebla,Francisco Z. Mena,18.5404542,-98.50521309999999
Puebla,General Felipe angeles,19.8284596,-98.0379816
Puebla,Guadalupe,19.0755999,-98.242491
Puebla,Guadalupe Victoria,19.290403,-97.34089999999999
Puebla,Hermenegildo Galeana,19.8473132,-98.02129389999999
Puebla,Huaquechula,18.7683399,-98.54179660000001
Puebla,Huatlatlauca,18.6792158,-98.0505276
Puebla,Huauchinango,20.1735104,-98.0587744
Puebla,Huehuetla,20.1047232,-97.6251774
Puebla,Huehuetlan el Chico,NA,
Puebla,Huejotzingo,NA,
Puebla,Hueyapan,NA,
Puebla,Hueytamalco,NA,
Puebla,Hueytlalpan,NA,
Puebla,Huitzilan de Serdan,NA,
Puebla,Huitziltepec,NA,
Puebla,Atlequizayan,NA,
Puebla,Ixcamilpa de Guerrero,NA,
Puebla,Ixcaquixtla,NA,
Puebla,Ixtacamaxtitlan,NA,
Puebla,Ixtepec,NA,
Puebla,Izucar de Matamoros,18.6,-98.46666669999999
Puebla,Jalpan,20.4774239,-97.9425801
Puebla,Jolalpan,18.3219444,-98.8444444
Puebla,Jonotla,20.0300512,-97.5750656
Puebla,Jopala,20.1628439,-97.6927984
Puebla,Juan C. Bonilla,19.0211845,-98.1824786
Puebla,Juan Galindo,20.177413,-98.0464796
Puebla,Juan N. Mendez,18.9555995,-98.1618771
Puebla,Lafragua,20.1759215,-98.0597391
Puebla,Libres,19.4645849,-97.6850784
Puebla,La Magdalena Tlatlauquitepec,NA,
Puebla,Mazapiltepec de Juarez,NA,
Puebla,Mixtla,NA,
Puebla,Molcaxac,NA,
Puebla,Canada Morelos,NA,
Puebla,Naupan,NA,
Puebla,Nauzontla,NA,
Puebla,Nealtican,NA,
Puebla,Nicolas Bravo,NA,
Puebla,Nopalucan,19.0515137,-98.2246387
Puebla,Ocotepec,19.5528459,-97.6471139
Puebla,Ocoyucan,18.9769572,-98.3016506
Puebla,Olintla,20.1011142,-97.6841419
Puebla,Oriental,19.376774,-97.619444
Puebla,Pahuatlan,19.0803273,-98.3062728
Puebla,Palmar de Bravo,18.8349607,-97.54625089999999
Puebla,Pantepec,20.5093412,-97.9331651
Puebla,Petlalcingo,18.0831157,-97.91792559999999
Puebla,Piaxtla,18.1992652,-98.2521029
Puebla,Puebla,NA,
Puebla,Quecholac,NA,
Puebla,Quimixtlan,NA,
Puebla,Rafael Lara Grajales,NA,
Puebla,Los Reyes de Juarez,NA,
Puebla,San Andres Cholula,NA,
Puebla,San Antonio Canada,18.4988019,-97.2881304
Puebla,San Diego la Mesa Tochimiltzingo,18.811787,-98.330156
Puebla,San Felipe Teotlalcingo,19.236583,-98.50154400000001
Puebla,San Felipe Tepatlan,20.0878281,-97.8015049
Puebla,San Gabriel Chilac,18.33226,-97.3472139
Puebla,San Gregorio Atzompa,19.0216769,-98.3501646
Puebla,San Jeronimo Tecuanipan,19.0122867,-98.39968189999999
Puebla,San Jeronimo Xayacatlan,18.221903,-97.914226
Puebla,San Jose Chiapa,19.2388424,-97.7677154
Puebla,San Jose Miahuatlan,18.2902132,-97.2893926
Puebla,San Juan Atenco,NA,
Puebla,San Juan Atzompa,NA,
Puebla,San Martin Texmelucan,NA,
Puebla,San Martin Totoltepec,18.65121,-98.344726
Puebla,San Matias Tlalancaleca,19.3230998,-98.4980681
Puebla,San Miguel Ixitlan,18.002204,-97.774374
Puebla,San Miguel Xoxtla,19.1669422,-98.3072771
Puebla,San Nicolas Buenos Aires,18.4902637,-97.40147379999999
Puebla,San Nicolas de los Ranchos,19.066904,-98.483505
Puebla,San Pablo Anicano,18.1226614,-98.0884936
Puebla,San Pedro Cholula,19.0568652,-98.3052374
Puebla,San Pedro Yeloixtlahuaca,18.1171339,-98.07710759999999
Puebla,San Salvador el Seco,19.131498,-97.641525
Puebla,San Salvador el Verde,NA,
Puebla,San Salvador Huixcolotla,NA,
Puebla,San Sebastian Tlacotepec,NA,
Puebla,Santa Catarina Tlaltempan,NA,
Puebla,Santa Ines Ahuatempan,NA,
Puebla,Santa Isabel Cholula,NA,
Puebla,Santiago Miahuatlan,NA,
Puebla,Huehuetlan el Grande,NA,
Puebla,Santo Tomas Hueyotlipan,NA,
Puebla,Soltepec,NA,
Puebla,Tecali de Herrera,NA,
Puebla,Tecamachalco,NA,
Puebla,Tecomatlan,NA,
Puebla,Tehuacan,18.4666667,-97.39999999999999
Puebla,Tehuitzingo,18.3319444,-98.27555559999999
Puebla,Tenampulco,20.1703504,-97.4054731
Puebla,Teopantlan,18.7136505,-98.26227659999999
Puebla,Teotlalco,18.4690479,-98.7783551
Puebla,Tepanco de Lopez,18.5537917,-97.5605324
Puebla,Tepango de Rodriguez,20.0047824,-97.7973739
Puebla,Tepatlaxco de Hidalgo,19.0794879,-97.9712704
Puebla,Tepeaca,18.9655556,-97.90416669999999
Puebla,Tepemaxalco,18.7327484,-98.6286786
Puebla,Tepeojuma,NA,
Puebla,Tepetzintla,NA,
Puebla,Tepexco,NA,
Puebla,Tepexi de Rodriguez,NA,
Puebla,Tepeyahualco,NA,
Puebla,Tepeyahualco de Cuauhtemoc,NA,
Puebla,Tetela de Ocampo,NA,
Puebla,Teteles de Avila Castillo,NA,
Puebla,Teziutlan,NA,
Puebla,Tianguismanalco,NA,
Puebla,Tilapa,NA,
Puebla,Tlacotepec de Benito Juarez,NA,
Puebla,Tlacuilotepec,NA,
Puebla,Tlachichuca,NA,
Puebla,Tlahuapan,NA,
Puebla,Tlaltenango,NA,
Puebla,Tlanepantla,18.865703,-97.885318
Puebla,Tlaola,20.1364174,-97.92129589999999
Puebla,Tlapacoya,20.1225034,-97.8513566
Puebla,Tlapanala,18.6957457,-98.53367639999999
Puebla,Tlatlauquitepec,19.8513889,-97.4961111
Puebla,Tlaxco,20.423,-98.0274329
Puebla,Tochimilco,18.8905552,-98.5725539
Puebla,Tochtepec,18.840967,-97.82265
Puebla,Totoltepec de Guerrero,18.2234824,-97.8554479
Puebla,Tulcingo,18.0322299,-98.4450071
Puebla,Tuzamapan de Galeana,NA,
Puebla,Tzicatlacoyan,NA,
Puebla,Venustiano Carranza,NA,
Puebla,Vicente Guerrero,NA,
Puebla,Xayacatlan de Bravo,NA,
Puebla,Xicotepec,NA,
Puebla,Xicotlan,NA,
Puebla,Xiutetelco,NA,
Puebla,Xochiapulco,NA,
Puebla,Xochiltepec,NA,
Puebla,Xochitlan de Vicente Suarez,19.0210671,-98.1755144
Puebla,Xochitlan Todos Santos,19.4207167,-99.171369
Puebla,Yaonahuac,19.8695489,-97.46480559999999
Puebla,Yehualtepec,18.7913619,-97.6647084
Puebla,Zacapala,18.5925316,-98.06504199999999
Puebla,Zacapoaxtla,19.876261,-97.58762399999999
Puebla,Zacatlan,19.9350819,-97.9611534
Puebla,Zapotitlan,18.3311,-97.4693829
Puebla,Zapotitlan de Mendez,20.0014947,-97.7142454
Puebla,Zaragoza,19.7708754,-97.55212259999999
Puebla,Zautla,NA,
Puebla,Zihuateutla,NA,
Puebla,Zinacatepec,NA,
Puebla,Zongozotla,NA,
Puebla,Zoquiapan,NA,
Puebla,Zoquitlan,NA,
Queretaro,Amealco de Bonfil,NA,
Queretaro,Pinal de Amoles,NA,
Queretaro,Arroyo Seco,NA,
Queretaro,Cadereyta de Montes,NA,
Queretaro,Colon,NA,
Queretaro,Corregidora,NA,
Queretaro,Ezequiel Montes,NA,
Queretaro,Huimilpan,NA,
Queretaro,Jalpan de Serra,21.2166667,-99.4725
Queretaro,Landa de Matamoros,21.1842187,-99.3201359
Queretaro,El Marques,20.5835963,-100.3729496
Queretaro,Pedro Escobedo,20.4997867,-100.1433006
Queretaro,Penamiller,21.0529889,-99.8154261
Queretaro,Queretaro,20.5875,-100.3927778
Queretaro,San Joaquin,20.9141054,-99.56225789999999
Queretaro,San Juan del Rio,20.391528,-99.981438
Queretaro,Tequisquiapan,20.5223037,-99.8882794
Queretaro,Toliman,20.907071,-99.93321019999999
Quintana Roo,Cozumel,NA,
Quintana Roo,Felipe Carrillo Puerto,NA,
Quintana Roo,Isla Mujeres,NA,
Quintana Roo,Othon P. Blanco,NA,
Quintana Roo,Benito Juarez,NA,
Quintana Roo,Jose Maria Morelos,NA,
Quintana Roo,Lazaro Cardenas,NA,
Quintana Roo,Solidaridad,NA,
Quintana Roo,Tulum,NA,
San Luis Potosí,Ahualulco,NA,
San Luis Potosí,Alaquines,NA,
San Luis Potosí,Aquismon,NA,
San Luis Potosí,Armadillo de los Infante,NA,
San Luis Potosí,Cardenas,NA,
San Luis Potosí,Catorce,NA,
San Luis Potosí,Cedral,23.8217164,-100.7217911
San Luis Potosí,Cerritos,22.4310187,-100.2825116
San Luis Potosí,Cerro de San Pedro,22.2166591,-100.8006949
San Luis Potosí,Ciudad del Maiz,22.399851,-99.602943
San Luis Potosí,Ciudad Fernandez,21.9368487,-100.0303723
San Luis Potosí,Tancanhuitz,21.5927572,-98.9647744
San Luis Potosí,Ciudad Valles,21.994665,-99.01074
San Luis Potosí,Coxcatlan,21.5384679,-98.9051791
San Luis Potosí,Charcas,23.1297222,-101.1133333
San Luis Potosí,Ebano,22.2134289,-98.3811276
San Luis Potosí,Guadalcazar,NA,
San Luis Potosí,Huehuetlan,NA,
San Luis Potosí,Lagunillas,NA,
San Luis Potosí,Matehuala,NA,
San Luis Potosí,Mexquitic de Carmona,NA,
San Luis Potosí,Moctezuma,NA,
San Luis Potosí,Rayon,NA,
San Luis Potosí,Rioverde,NA,
San Luis Potosí,Salinas,NA,
San Luis Potosí,San Antonio,NA,
San Luis Potosí,San Ciro de Acosta,NA,
San Luis Potosí,San Luis Potosi,NA,
San Luis Potosí,San Martin Chalchicuautla,NA,
San Luis Potosí,San Nicolas Tolentino,NA,
San Luis Potosí,Santa Catarina,NA,
San Luis Potosí,Santa Maria del Rio,NA,
San Luis Potosí,Santo Domingo,22.8702788,-100.2774964
San Luis Potosí,San Vicente Tancuayalab,21.7179049,-98.58744
San Luis Potosí,Soledad de Graciano Sanchez,22.1833333,-100.9333333
San Luis Potosí,Tamasopo,21.9198849,-99.3904931
San Luis Potosí,Tamazunchale,21.25423,-98.788017
San Luis Potosí,Tampacan,21.4006932,-98.73190140000001
San Luis Potosí,Tampamolon Corona,21.5588887,-98.8154139
San Luis Potosí,Tamuin,22.0058394,-98.7843326
San Luis Potosí,Tanlajas,21.6649219,-98.8854861
San Luis Potosí,Tanquian de Escobedo,21.6,-98.6666667
San Luis Potosí,Tierra Nueva,NA,
San Luis Potosí,Vanegas,NA,
San Luis Potosí,Venado,NA,
San Luis Potosí,Villa de Arriaga,NA,
San Luis Potosí,Villa de Guadalupe,NA,
San Luis Potosí,Villa de la Paz,NA,
San Luis Potosí,Villa de Ramos,NA,
San Luis Potosí,Villa de Reyes,NA,
San Luis Potosí,Villa Hidalgo,NA,
San Luis Potosí,Villa Juarez,NA,
San Luis Potosí,Axtla de Terrazas,NA,
San Luis Potosí,Xilitla,NA,
San Luis Potosí,Zaragoza,NA,
San Luis Potosí,Villa de Arista,22.6444444,-100.8486111
San Luis Potosí,Matlapa,21.3334574,-98.82914609999999
San Luis Potosí,El Naranjo,22.5224,-99.33013799999999
Sinaloa,Ahome,25.91194,-109.1735
Sinaloa,Angostura,25.3679709,-108.1591316
Sinaloa,Badiraguato,25.3628494,-107.5498614
Sinaloa,Concordia,23.2880556,-106.0677778
Sinaloa,Cosala,24.4125,-106.6908333
Sinaloa,Culiacan,24.8048499,-107.385498
Sinaloa,Choix,26.7067957,-108.3251469
Sinaloa,Elota,NA,
Sinaloa,Escuinapa,NA,
Sinaloa,El Fuerte,NA,
Sinaloa,Guasave,NA,
Sinaloa,Mazatlan,NA,
Sinaloa,Mocorito,NA,
Sinaloa,Rosario,NA,
Sinaloa,Salvador Alvarado,NA,
Sinaloa,San Ignacio,NA,
Sinaloa,Sinaloa,NA,
Sinaloa,Navolato,NA,
Sonora,Aconchi,NA,
Sonora,Agua Prieta,NA,
Sonora,Alamos,NA,
Sonora,Altar,NA,
Sonora,Arivechi,NA,
Sonora,Arizpe,NA,
Sonora,Atil,30.8447117,-111.5827386
Sonora,Bacadehuachi,29.8094762,-109.1407084
Sonora,Bacanora,28.9810962,-109.3986709
Sonora,Bacerac,30.3550527,-108.9311074
Sonora,Bacoachi,30.6315554,-109.9683916
Sonora,Bacum,27.5528832,-110.0821649
Sonora,Banamichi,30.0093697,-110.2133766
Sonora,Baviacora,29.7127364,-110.1614936
Sonora,Bavispe,30.4800084,-108.9404979
Sonora,Benjamin Hill,30.171678,-111.110581
Sonora,Caborca,NA,
Sonora,Cajeme,NA,
Sonora,Cananea,NA,
Sonora,Carbo,NA,
Sonora,La Colorada,NA,
Sonora,Cucurpe,NA,
Sonora,Cumpas,NA,
Sonora,Divisaderos,NA,
Sonora,Empalme,27.9640614,-110.8086114
Sonora,Etchojoa,26.9114634,-109.6271746
Sonora,Fronteras,30.7809532,-109.5797899
Sonora,Granados,29.8613677,-109.3104516
Sonora,Guaymas,27.9139609,-110.9020749
Sonora,Hermosillo,29.0891857,-110.9613299
Sonora,Huachinera,30.2055607,-108.9576594
Sonora,Huasabas,29.9071857,-109.2999051
Sonora,Huatabampo,26.8271492,-109.6418609
Sonora,Huepac,29.9108684,-110.2134544
Sonora,Imuris,NA,
Sonora,Magdalena,NA,
Sonora,Mazatan,NA,
Sonora,Moctezuma,NA,
Sonora,Naco,NA,
Sonora,Nacori Chico,NA,
Sonora,Nacozari de Garcia,NA,
Sonora,Navojoa,NA,
Sonora,Nogales,NA,
Sonora,Onavas,NA,
Sonora,Opodepe,NA,
Sonora,Oquitoa,NA,
Sonora,Pitiquito,NA,
Sonora,Puerto Penasco,NA,
Sonora,Quiriego,NA,
Sonora,Rayon,NA,
Sonora,Rosario,27.8439632,-109.3710009
Sonora,Sahuaripa,29.0544254,-109.2333146
Sonora,San Felipe de Jesus,29.8587009,-110.2400339
Sonora,San Javier,28.5954157,-109.7394316
Sonora,San Luis Rio Colorado,32.4518879,-114.7716836
Sonora,San Miguel de Horcasitas,29.5571554,-110.6273664
Sonora,San Pedro de la Cueva,29.2868769,-109.7364566
Sonora,Santa Ana,30.5398369,-111.1196424
Sonora,Santa Cruz,31.23242639999999,-110.5967674
Sonora,Saric,31.1039842,-111.3788499
Sonora,Soyopa,NA,
Sonora,Suaqui Grande,NA,
Sonora,Tepache,NA,
Sonora,Trincheras,NA,
Sonora,Tubutama,NA,
Sonora,Ures,NA,
Sonora,Villa Hidalgo,NA,
Sonora,Villa Pesqueira,NA,
Sonora,Yecora,NA,
Sonora,General Plutarco Elias Calles,NA,
Sonora,Benito Juarez,NA,
Sonora,San Ignacio Rio Muerto,NA,
Tabasco,Balancan,NA,
Tabasco,Cardenas,NA,
Tabasco,Centla,NA,
Tabasco,Centro,NA,
Tabasco,Comalcalco,18.261156,-93.2216864
Tabasco,Cunduacan,18.0721544,-93.1712486
Tabasco,Emiliano Zapata,17.7422124,-91.76385259999999
Tabasco,Huimanguillo,17.8320441,-93.3918106
Tabasco,Jalapa,17.7192799,-92.8111934
Tabasco,Jalpa de Mendez,18.1760279,-93.0623866
Tabasco,Jonuta,18.0902778,-92.13666669999999
Tabasco,Macuspana,17.7607017,-92.5936096
Tabasco,Nacajuca,18.1678434,-93.01782209999999
Tabasco,Paraiso,18.4006144,-93.2127162
Tabasco,Tacotalpa,NA,
Tabasco,Teapa,NA,
Tabasco,Tenosique,NA,
Tamaulipas,Abasolo,NA,
Tamaulipas,Aldama,NA,
Tamaulipas,Altamira,NA,
Tamaulipas,Antiguo Morelos,NA,
Tamaulipas,Burgos,NA,
Tamaulipas,Bustamante,NA,
Tamaulipas,Camargo,NA,
Tamaulipas,Casas,NA,
Tamaulipas,Ciudad Madero,NA,
Tamaulipas,Cruillas,NA,
Tamaulipas,Gomez Farias,NA,
Tamaulipas,Gonzalez,NA,
Tamaulipas,Gﾌﾟemez,NA,
Tamaulipas,Guerrero,26.763741,-99.45591399999999
Tamaulipas,Gustavo Diaz Ordaz,26.222696,-98.58960619999999
Tamaulipas,Hidalgo,24.2449044,-99.4375294
Tamaulipas,Jaumave,23.4114324,-99.37935809999999
Tamaulipas,Jimenez,25.8444099,-97.5282314
Tamaulipas,Llera,23.3177778,-99.0241667
Tamaulipas,Mainero,24.5553705,-99.6109168
Tamaulipas,El Mante,22.522283,-98.79135099999999
Tamaulipas,Matamoros,25.8690294,-97.50273759999999
Tamaulipas,Mendez,25.1185964,-98.5877094
Tamaulipas,Mier,NA,
Tamaulipas,Miguel Aleman,NA,
Tamaulipas,Miquihuana,NA,
Tamaulipas,Nuevo Laredo,NA,
Tamaulipas,Nuevo Morelos,NA,
Tamaulipas,Ocampo,NA,
Tamaulipas,Padilla,NA,
Tamaulipas,Palmillas,NA,
Tamaulipas,Reynosa,NA,
Tamaulipas,Rio Bravo,NA,
Tamaulipas,San Carlos,NA,
Tamaulipas,San Fernando,NA,
Tamaulipas,San Nicolas,NA,
Tamaulipas,Soto la Marina,NA,
Tamaulipas,Tampico,NA,
Tamaulipas,Tula,NA,
Tamaulipas,Valle Hermoso,NA,
Tamaulipas,Victoria,23.7369164,-99.14111539999999
Tamaulipas,Villagran,24.4703741,-99.49072400000001
Tamaulipas,Xicotencatl,22.9958333,-98.9447222
Tlaxcala,Amaxac de Guerrero,19.3488152,-98.1680579
Tlaxcala,Apetatitlan de Antonio Carvajal,19.2964278,-98.2302837
Tlaxcala,Atlangatepec,19.5328357,-98.2044684
Tlaxcala,Atltzayanca,19.4286324,-97.7959841
Tlaxcala,Apizaco,19.4147184,-98.1422576
Tlaxcala,Calpulalpan,19.5870622,-98.5681226
Tlaxcala,El Carmen Tequexquitla,19.3246265,-97.65886479999999
Tlaxcala,Cuapiaxtla,NA,
Tlaxcala,Cuaxomulco,NA,
Tlaxcala,Chiautempan,NA,
Tlaxcala,Munoz de Domingo Arenas,NA,
Tlaxcala,Espanita,NA,
Tlaxcala,Huamantla,NA,
Tlaxcala,Hueyotlipan,NA,
Tlaxcala,Ixtacuixtla de Mariano Matamoros,NA,
Tlaxcala,Ixtenco,NA,
Tlaxcala,Mazatecochco de Jose Maria Morelos,NA,
Tlaxcala,Contla de Juan Cuamatzi,NA,
Tlaxcala,Tepetitla de Lardizabal,NA,
Tlaxcala,Sanctorum de Lazaro Cardenas,NA,
Tlaxcala,Nanacamilpa de Mariano Arista,NA,
Tlaxcala,Acuamanala de Miguel Hidalgo,NA,
Tlaxcala,Nativitas,19.2312727,-98.3178956
Tlaxcala,Panotla,19.316944,-98.2685599
Tlaxcala,San Pablo del Monte,19.1852394,-99.0602713
Tlaxcala,Santa Cruz Tlaxcala,19.3539314,-98.1514914
Tlaxcala,Tenancingo,19.146021,-98.200965
Tlaxcala,Teolocholco,19.2420642,-98.1904179
Tlaxcala,Tepeyanco,19.244846,-98.23432199999999
Tlaxcala,Terrenate,19.4736457,-97.9246809
Tlaxcala,Tetla de la Solidaridad,19.4339372,-98.0994865
Tlaxcala,Tetlatlahuca,19.2342262,-98.2971251
Tlaxcala,Tlaxcala,NA,
Tlaxcala,Tlaxco,NA,
Tlaxcala,Tocatlan,NA,
Tlaxcala,Totolac,NA,
Tlaxcala,Ziltlaltepec de Trinidad Sanchez Santos,NA,
Tlaxcala,Tzompantepec,NA,
Tlaxcala,Xaloztoc,NA,
Tlaxcala,Xaltocan,NA,
Tlaxcala,Papalotla de Xicohtencatl,NA,
Tlaxcala,Xicohtzinco,NA,
Tlaxcala,Yauhquemehcan,NA,
Tlaxcala,Zacatelco,19.2093342,-98.2410244
Tlaxcala,Benito Juarez,19.5849129,-98.42828109999999
Tlaxcala,Emiliano Zapata,19.5575919,-97.91641659999999
Tlaxcala,Lazaro Cardenas,19.5385014,-97.98416759999999
Tlaxcala,La Magdalena Tlaltelulco,19.2780524,-98.1862331
Tlaxcala,San Damian Texoloc,19.2779222,-98.2860606
Tlaxcala,San Francisco Tetlanohcan,19.26,-98.164
Tlaxcala,San Jeronimo Zacualpan,19.2421134,-98.26161309999999
Tlaxcala,San Jose Teacalco,19.3367829,-98.06317159999999
Tlaxcala,San Juan Huactzinco,19.2320402,-98.25260809999999
Tlaxcala,San Lorenzo Axocomanitla,NA,
Tlaxcala,San Lucas Tecopilco,NA,
Tlaxcala,Santa Ana Nopalucan,NA,
Tlaxcala,Santa Apolonia Teacalco,NA,
Tlaxcala,Santa Catarina Ayometla,NA,
Tlaxcala,Santa Cruz Quilehtla,NA,
Tlaxcala,Santa Isabel Xiloxoxtla,NA,
Veracruz,Acajete,NA,
Veracruz,Acatlan,NA,
Veracruz,Acayucan,NA,
Veracruz,Actopan,NA,
Veracruz,Acula,NA,
Veracruz,Acultzingo,18.7153272,-97.3093286
Veracruz,Camaron de Tejeda,18.0726646,-95.7122139
Veracruz,Alpatlahuac,19.3120528,-99.05056309999999
Veracruz,Alto Lucero de Gutierrez Barrios,20.9510475,-97.4366177
Veracruz,Altotonga,19.7658664,-97.2422429
Veracruz,Alvarado,18.77405,-95.76001699999999
Veracruz,Amatitlan,18.4300719,-95.7315634
Veracruz,Naranjos Amatlan,21.3501347,-97.6874249
Veracruz,Amatlan de los Reyes,18.85,-96.9147222
Veracruz,Angel R. Cabada,18.5966602,-95.4452049
Veracruz,La Antigua,NA,
Veracruz,Apazapan,NA,
Veracruz,Aquila,NA,
Veracruz,Astacinga,NA,
Veracruz,Atlahuilco,NA,
Veracruz,Atoyac,NA,
Veracruz,Atzacan,NA,
Veracruz,Atzalan,NA,
Veracruz,Tlaltetela,NA,
Veracruz,Ayahualulco,NA,
Veracruz,Banderilla,NA,
Veracruz,Benito Juarez,NA,
Veracruz,Boca del Rio,NA,
Veracruz,Calcahualco,NA,
Veracruz,Camerino Z. Mendoza,18.8489199,-97.075379
Veracruz,Carrillo Puerto,18.7988274,-96.57138250000001
Veracruz,Catemaco,18.4217237,-95.1112161
Veracruz,Cazones de Herrera,20.7026177,-97.3117934
Veracruz,Cerro Azul,21.1879652,-97.7419439
Veracruz,Citlaltepetl,21.3366489,-97.8783886
Veracruz,Coacoatzintla,19.6535514,-96.9464976
Veracruz,Coahuitlan,20.2071991,-97.6995223
Veracruz,Coatepec,19.4535812,-96.9587734
Veracruz,Coatzacoalcos,18.15,-94.43333330000002
Veracruz,Coatzintla,NA,
Veracruz,Coetzala,NA,
Veracruz,Colipa,NA,
Veracruz,Comapa,NA,
Veracruz,Cordoba,NA,
Veracruz,Cosamaloapan de Carpio,NA,
Veracruz,Cosautlan de Carvajal,NA,
Veracruz,Coscomatepec,NA,
Veracruz,Cosoleacaque,NA,
Veracruz,Cotaxtla,NA,
Veracruz,Coxquihui,NA,
Veracruz,Coyutla,NA,
Veracruz,Cuichapa,NA,
Veracruz,Cuitlahuac,NA,
Veracruz,Chacaltianguis,NA,
Veracruz,Chalma,NA,
Veracruz,Chiconamel,21.2306934,-98.4618829
Veracruz,Chiconquiaco,19.7433384,-96.8181529
Veracruz,Chicontepec,20.9716782,-98.1743511
Veracruz,Chinameca,18.0207847,-94.67124640000002
Veracruz,Chinampa de Gorostiza,21.3589322,-97.7347309
Veracruz,Las Choapas,17.90966,-94.093086
Veracruz,Chocaman,19.011477,-97.029049
Veracruz,Chontla,21.2940777,-97.9227016
Veracruz,Chumatlan,20.2082739,-97.59412689999999
Veracruz,Emiliano Zapata,19.3624962,-96.6565439
Veracruz,Espinal,NA,
Veracruz,Filomeno Mata,NA,
Veracruz,Fortin,NA,
Veracruz,Gutierrez Zamora,NA,
Veracruz,Hidalgotitlan,NA,
Veracruz,Huatusco,NA,
Veracruz,Huayacocotla,NA,
Veracruz,Hueyapan de Ocampo,NA,
Veracruz,Huiloapan de Cuauhtemoc,NA,
Veracruz,Ignacio de la Llave,NA,
Veracruz,Ilamatlan,NA,
Veracruz,Isla,NA,
Veracruz,Ixcatepec,NA,
Veracruz,Ixhuacan de los Reyes,NA,
Veracruz,Ixhuatlan del Cafe,NA,
Veracruz,Ixhuatlancillo,NA,
Veracruz,Ixhuatlan del Sureste,18.0250937,-94.3899227
Veracruz,Ixhuatlan de Madero,20.6884039,-98.01267360000001
Veracruz,Ixmatlahuacan,18.4481547,-95.82962359999999
Veracruz,Ixtaczoquitlan,18.8520797,-97.0616876
Veracruz,Jalacingo,19.8049509,-97.30761989999999
Veracruz,Xalapa,19.5426237,-96.9137441
Veracruz,Jalcomulco,19.3323837,-96.76175690000001
Veracruz,Jaltipan,17.9453509,-94.7158281
Veracruz,Jamapa,19.0426469,-96.2361145
Veracruz,Jesus Carranza,17.4352778,-95.03277779999999
Veracruz,Xico,NA,
Veracruz,Jilotepec,NA,
Veracruz,Juan Rodriguez Clara,NA,
Veracruz,Juchique de Ferrer,NA,
Veracruz,Landero y Coss,NA,
Veracruz,Lerdo de Tejada,NA,
Veracruz,Magdalena,NA,
Veracruz,Maltrata,NA,
Veracruz,Manlio Fabio Altamirano,NA,
Veracruz,Mariano Escobedo,NA,
Veracruz,Martinez de la Torre,NA,
Veracruz,Mecatlan,NA,
Veracruz,Mecayapan,NA,
Veracruz,Medellin,NA,
Veracruz,Miahuatlan,NA,
Veracruz,Las Minas,19.6912495,-97.1477876
Veracruz,Minatitlan,17.9833333,-94.55
Veracruz,Misantla,19.9321559,-96.8508841
Veracruz,Mixtla de Altamirano,18.5930332,-96.99501889999999
Veracruz,Moloacan,17.9868662,-94.34651699999999
Veracruz,Naolinco,19.65411,-96.857681
Veracruz,Naranjal,18.8120237,-96.96366540000001
Veracruz,Nautla,20.2066604,-96.7729224
Veracruz,Nogales,18.8166667,-97.1666667
Veracruz,Oluta,17.9298564,-94.8924514
Veracruz,Omealca,NA,
Veracruz,Orizaba,NA,
Veracruz,Otatitlan,NA,
Veracruz,Oteapan,NA,
Veracruz,Ozuluama de Mascarenas,NA,
Veracruz,Pajapan,NA,
Veracruz,Panuco,NA,
Veracruz,Papantla,NA,
Veracruz,Paso del Macho,NA,
Veracruz,Paso de Ovejas,NA,
Veracruz,La Perla,NA,
Veracruz,Perote,NA,
Veracruz,Platon Sanchez,21.2778909,-98.3737051
Veracruz,Playa Vicente,17.8242544,-95.8150579
Veracruz,Poza Rica de Hidalgo,20.5333333,-97.44999999999999
Veracruz,Las Vigas de Ramirez,19.637,-97.1
Veracruz,Pueblo Viejo,22.1812399,-97.83489209999999
Veracruz,Puente Nacional,19.3297104,-96.48254589999999
Veracruz,Rafael Delgado,18.8106854,-97.07213589999999
Veracruz,Rafael Lucio,19.5919839,-96.99025139999999
Veracruz,Los Reyes,18.6710069,-97.0429161
Veracruz,Rio Blanco,18.8359564,-97.1397234
Veracruz,Saltabarranca,NA,
Veracruz,San Andres Tenejapan,NA,
Veracruz,San Andres Tuxtla,NA,
Veracruz,San Juan Evangelista,NA,
Veracruz,Santiago Tuxtla,NA,
Veracruz,Sayula de Aleman,NA,
Veracruz,Soconusco,NA,
Veracruz,Sochiapa,NA,
Veracruz,Soledad Atzompa,NA,
Veracruz,Soledad de Doblado,NA,
Veracruz,Soteapan,NA,
Veracruz,Tamalin,21.33919,-97.81228
Veracruz,Tamiahua,21.2770007,-97.44673060000001
Veracruz,Tampico Alto,22.1114627,-97.8011454
Veracruz,Tancoco,21.2861824,-97.79041939999999
Veracruz,Tantima,21.3353717,-97.8329071
Veracruz,Tantoyuca,21.348539,-98.229393
Veracruz,Tatatila,19.6920087,-97.11377960000002
Veracruz,Castillo de Teayo,20.7493289,-97.6311614
Veracruz,Tecolutla,20.4795519,-97.01012709999999
Veracruz,Tehuipango,18.5179939,-97.05437459999999
Veracruz,alamo Temapache,NA,
Veracruz,Tempoal,NA,
Veracruz,Tenampa,NA,
Veracruz,Tenochtitlan,NA,
Veracruz,Teocelo,NA,
Veracruz,Tepatlaxco,NA,
Veracruz,Tepetlan,NA,
Veracruz,Tepetzintla,NA,
Veracruz,Tequila,NA,
Veracruz,Jose Azueta,NA,
Veracruz,Texcatepec,NA,
Veracruz,Texhuacan,NA,
Veracruz,Texistepec,NA,
Veracruz,Tezonapa,NA,
Veracruz,Tierra Blanca,18.447241,-96.356377
Veracruz,Tihuatlan,20.7218454,-97.53950189999999
Veracruz,Tlacojalpan,18.2289654,-95.94200909999999
Veracruz,Tlacolulan,19.6656362,-97.0029169
Veracruz,Tlacotalpan,18.6134239,-95.66135109999999
Veracruz,Tlacotepec de Mejia,19.1883809,-96.8369969
Veracruz,Tlachichilco,20.6203868,-98.1983305
Veracruz,Tlalixcoyan,18.7999134,-96.05273059999999
Veracruz,Tlalnelhuayocan,19.5577462,-96.9747081
Veracruz,Tlapacoyan,19.9614692,-97.21252140000001
Veracruz,Tlaquilpa,NA,
Veracruz,Tlilapan,NA,
Veracruz,Tomatlan,NA,
Veracruz,Tonayan,NA,
Veracruz,Totutla,NA,
Veracruz,Tuxpan,NA,
Veracruz,Tuxtilla,NA,
Veracruz,Ursulo Galvan,NA,
Veracruz,Vega de Alatorre,NA,
Veracruz,Veracruz,NA,
Veracruz,Villa Aldama,NA,
Veracruz,Xoxocotla,NA,
Veracruz,Yanga,NA,
Veracruz,Yecuatla,NA,
Veracruz,Zacualpan,NA,
Veracruz,Zaragoza,NA,
Veracruz,Zentla,NA,
Veracruz,Zongolica,18.6666667,-97.0
Veracruz,Zontecomatlan de Lopez y Fuentes,20.7607137,-98.3434267
Veracruz,Zozocolco de Hidalgo,20.1400074,-97.57501640000001
Veracruz,Agua Dulce,18.1423129,-94.14381739999999
Veracruz,El Higo,21.7666667,-98.44999999999999
Veracruz,Nanchital de Lazaro Cardenas del Rio,18.0711539,-94.4112992
Veracruz,Tres Valles,18.2347867,-96.1335356
Veracruz,Carlos A. Carrillo,18.3734759,-95.74336559999999
Veracruz,Tatahuicapan de Juarez,18.2465705,-94.75882790000001
Veracruz,Uxpanapa,17.2097197,-94.20130499999999
Veracruz,San Rafael,NA,
Veracruz,Santiago Sochiapan,NA,
Yucatan,Abala,NA,
Yucatan,Acanceh,NA,
Yucatan,Akil,NA,
Yucatan,Baca,NA,
Yucatan,Bokoba,NA,
Yucatan,Buctzotz,NA,
Yucatan,Cacalchen,NA,
Yucatan,Calotmul,NA,
Yucatan,Cansahcab,NA,
Yucatan,Cantamayec,NA,
Yucatan,Celestun,NA,
Yucatan,Cenotillo,NA,
Yucatan,Conkal,21.0733333,-89.52083329999999
Yucatan,Cuncunul,20.6393892,-88.2978454
Yucatan,Cuzama,20.7411148,-89.3171823
Yucatan,Chacsinkin,20.1714254,-89.0178394
Yucatan,Chankom,20.5678427,-88.5126554
Yucatan,Chapab,20.4582672,-89.4569361
Yucatan,Chemax,20.6564494,-87.93602609999999
Yucatan,Chicxulub Pueblo,21.1366657,-89.5156616
Yucatan,Chichimila,20.6342627,-88.2194569
Yucatan,Chikindzonot,20.3321254,-88.4871486
Yucatan,Chochola,NA,
Yucatan,Chumayel,NA,
Yucatan,Dzan,NA,
Yucatan,Dzemul,NA,
Yucatan,Dzidzantun,NA,
Yucatan,Dzilam de Bravo,NA,
Yucatan,Dzilam Gonzalez,NA,
Yucatan,Dzitas,NA,
Yucatan,Dzoncauich,NA,
Yucatan,Espita,NA,
Yucatan,Halacho,NA,
Yucatan,Hocaba,NA,
Yucatan,Hoctun,NA,
Yucatan,Homun,NA,
Yucatan,Huhi,NA,
Yucatan,Hunucma,NA,
Yucatan,Ixil,NA,
Yucatan,Izamal,NA,
Yucatan,Kanasin,20.9344444,-89.5577778
Yucatan,Kantunil,20.7958702,-89.0358869
Yucatan,Kaua,20.6224302,-88.41457489999999
Yucatan,Kinchil,20.9163452,-89.9484471
Yucatan,Kopoma,20.6475774,-89.9001694
Yucatan,Mama,20.4767714,-89.36466159999999
Yucatan,Mani,20.3931602,-89.3921359
Yucatan,Maxcanu,20.585761,-90.002427
Yucatan,Mayapan,20.4674339,-89.2141281
Yucatan,Merida,20.97,-89.62
Yucatan,Mococha,NA,
Yucatan,Motul,NA,
Yucatan,Muna,NA,
Yucatan,Muxupip,NA,
Yucatan,Opichen,NA,
Yucatan,Oxkutzcab,NA,
Yucatan,Panaba,NA,
Yucatan,Peto,NA,
Yucatan,Progreso,NA,
Yucatan,Quintana Roo,NA,
Yucatan,Rio Lagartos,NA,
Yucatan,Sacalum,NA,
Yucatan,Samahil,NA,
Yucatan,Sanahcat,NA,
Yucatan,San Felipe,NA,
Yucatan,Santa Elena,NA,
Yucatan,Seye,20.8371769,-89.3705719
Yucatan,Sinanche,21.2260454,-89.18571539999999
Yucatan,Sotuta,20.5971484,-89.0081646
Yucatan,Sucila,21.1547732,-88.31218559999999
Yucatan,Sudzal,20.8705937,-88.9889259
Yucatan,Suma,21.0851357,-89.1481505
Yucatan,Tahdziu,20.203175,-88.943715
Yucatan,Tahmek,20.8748222,-89.25589939999999
Yucatan,Teabo,20.4031442,-89.2842216
Yucatan,Tecoh,20.741988,-89.473883
Yucatan,Tekal de Venegas,NA,
Yucatan,Tekanto,NA,
Yucatan,Tekax,NA,
Yucatan,Tekit,NA,
Yucatan,Tekom,NA,
Yucatan,Telchac Pueblo,NA,
Yucatan,Telchac Puerto,NA,
Yucatan,Temax,NA,
Yucatan,Temozon,20.8019969,-88.2007654
Yucatan,Tepakan,21.0483137,-89.0392181
Yucatan,Tetiz,20.9626882,-89.9345214
Yucatan,Teya,20.9344444,-89.5238889
Yucatan,Ticul,20.3984894,-89.5379091
Yucatan,Timucuy,20.8104689,-89.5144864
Yucatan,Tinum,20.7664782,-88.3920119
Yucatan,Tixcacalcupul,20.5366574,-88.26998359999999
Yucatan,Tixkokob,21.0022222,-89.3936111
Yucatan,Tixmehuac,20.2360837,-89.10855289999999
Yucatan,Tixpehual,NA,
Yucatan,Tizimin,NA,
Yucatan,Tunkas,NA,
Yucatan,Tzucacab,NA,
Yucatan,Uayma,NA,
Yucatan,Ucu,NA,
Yucatan,Uman,NA,
Yucatan,Valladolid,NA,
Yucatan,Xocchel,NA,
Yucatan,Yaxcaba,NA,
Yucatan,Yaxkukul,NA,
Yucatan,Yobain,NA,
Zacatecas,Apozol,NA,
Zacatecas,Apulco,NA,
Zacatecas,Atolinga,NA,
Zacatecas,Benito Juarez,NA,
Zacatecas,Calera,23.1878568,-102.8541671
Zacatecas,Canitas de Felipe Pescador,23.6016663,-102.7278766
Zacatecas,Concepcion del Oro,24.6128544,-101.4183831
Zacatecas,Cuauhtemoc,22.7577971,-102.5835235
Zacatecas,Chalchihuites,23.4758302,-103.8809881
Zacatecas,Fresnillo,23.1719444,-102.8608333
Zacatecas,Trinidad Garcia de la Cadena,22.7676586,-102.5780815
Zacatecas,Genaro Codina,22.4872914,-102.4547309
Zacatecas,General Enrique Estrada,22.9971224,-102.7415466
Zacatecas,General Francisco R. Murguia,23.9975563,-103.0212924
Zacatecas,El Plateado de Joaquin Amaro,NA,
Zacatecas,General Panfilo Natera,NA,
Zacatecas,Guadalupe,NA,
Zacatecas,Huanusco,NA,
Zacatecas,Jalpa,NA,
Zacatecas,Jerez,NA,
Zacatecas,Jimenez del Teul,NA,
Zacatecas,Juan Aldama,NA,
Zacatecas,Juchipila,NA,
Zacatecas,Loreto,NA,
Zacatecas,Luis Moya,NA,
Zacatecas,Mazapil,NA,
Zacatecas,Melchor Ocampo,NA,
Zacatecas,Mezquital del Oro,NA,
Zacatecas,Miguel Auza,NA,
Zacatecas,Momax,NA,
Zacatecas,Monte Escobedo,22.3019884,-103.5627736
Zacatecas,Morelos,22.8971999,-102.6853001
Zacatecas,Moyahua de Estrada,21.2647837,-103.1659219
Zacatecas,Nochistlan de Mejia,21.362813,-102.8428557
Zacatecas,Noria de angeles,22.4420772,-101.9078211
Zacatecas,Ojocaliente,22.5706028,-102.2546666
Zacatecas,Panuco,22.8773069,-102.5408064
Zacatecas,Pinos,22.2972779,-101.5747236
Zacatecas,Rio Grande,23.8314607,-103.0409976
Zacatecas,Sain Alto,23.5818229,-103.2521209
Zacatecas,El Salvador,NA,
Zacatecas,Sombrerete,NA,
Zacatecas,Susticacan,NA,
Zacatecas,Tabasco,NA,
Zacatecas,Tepechitlan,NA,
Zacatecas,Tepetongo,NA,
Zacatecas,Teul de Gonzalez Ortega,NA,
Zacatecas,Tlaltenango de Sanchez Roman,NA,
Zacatecas,Valparaiso,NA,
Zacatecas,Vetagrande,NA,
Zacatecas,Villa de Cos,NA,
Zacatecas,Villa Garcia,NA,
Zacatecas,Villa Gonzalez Ortega,NA,
Zacatecas,Villa Hidalgo,NA,
Zacatecas,Villanueva,22.3536111,-102.8830556
Zacatecas,Zacatecas,22.7709249,-102.5832539
Zacatecas,Trancoso,22.731393,-102.364989
Zacatecas,Santa Maria de la Paz,21.512258,-103.4082737
