Aguascalientes	Aguascalientes
Aguascalientes	Asientos
Aguascalientes	Calvillo
Aguascalientes	Cosio
Aguascalientes	Jesus Maria
Aguascalientes	Pabellon de Arteaga
Aguascalientes	Rincon de Romos
Aguascalientes	San Jose de Gracia
Aguascalientes	Tepezala
Aguascalientes	El Llano
Aguascalientes	San Francisco de los Romo
Baja California	Ensenada
Baja California	Mexicali
Baja California	Tecate
Baja California	Tijuana
Baja California	Playas de Rosarito
Baja California Sur	Comondu
Baja California Sur	Mulege
Baja California Sur	La Paz
Baja California Sur	Los Cabos
Baja California Sur	Loreto
Campeche	Calkini
Campeche	Campeche
Campeche	Carmen
Campeche	Champoton
Campeche	Hecelchakan
Campeche	Hopelchen
Campeche	Palizada
Campeche	Tenabo
Campeche	Escarcega
Campeche	Calakmul
Campeche	Candelaria
Coahuila de Zaragoza	Abasolo
Coahuila de Zaragoza	Acuna
Coahuila de Zaragoza	Allende
Coahuila de Zaragoza	Arteaga
Coahuila de Zaragoza	Candela
Coahuila de Zaragoza	Castanos
Coahuila de Zaragoza	Cuatro Cienegas
Coahuila de Zaragoza	Escobedo
Coahuila de Zaragoza	Francisco I. Madero
Coahuila de Zaragoza	Frontera
Coahuila de Zaragoza	General Cepeda
Coahuila de Zaragoza	Guerrero
Coahuila de Zaragoza	Hidalgo
Coahuila de Zaragoza	Jimenez
Coahuila de Zaragoza	Juarez
Coahuila de Zaragoza	Lamadrid
Coahuila de Zaragoza	Matamoros
Coahuila de Zaragoza	Monclova
Coahuila de Zaragoza	Morelos
Coahuila de Zaragoza	Muzquiz
Coahuila de Zaragoza	Nadadores
Coahuila de Zaragoza	Nava
Coahuila de Zaragoza	Ocampo
Coahuila de Zaragoza	Parras
Coahuila de Zaragoza	Piedras Negras
Coahuila de Zaragoza	Progreso
Coahuila de Zaragoza	Ramos Arizpe
Coahuila de Zaragoza	Sabinas
Coahuila de Zaragoza	Sacramento
Coahuila de Zaragoza	Saltillo
Coahuila de Zaragoza	San Buenaventura
Coahuila de Zaragoza	San Juan de Sabinas
Coahuila de Zaragoza	San Pedro
Coahuila de Zaragoza	Sierra Mojada
Coahuila de Zaragoza	Torreon
Coahuila de Zaragoza	Viesca
Coahuila de Zaragoza	Villa Union
Coahuila de Zaragoza	Zaragoza
Colima	Armeria
Colima	Colima
Colima	Comala
Colima	Coquimatlan
Colima	Cuauhtemoc
Colima	Ixtlahuacan
Colima	Manzanillo
Colima	Minatitlan
Colima	Tecoman
Colima	Villa de alvarez
Chiapas	Acacoyagua
Chiapas	Acala
Chiapas	Acapetahua
Chiapas	Altamirano
Chiapas	Amatan
Chiapas	Amatenango de la Frontera
Chiapas	Amatenango del Valle
Chiapas	Angel Albino Corzo
Chiapas	Arriaga
Chiapas	Bejucal de Ocampo
Chiapas	Bella Vista
Chiapas	Berriozabal
Chiapas	Bochil
Chiapas	El Bosque
Chiapas	Cacahoatan
Chiapas	Catazaja
Chiapas	Cintalapa
Chiapas	Coapilla
Chiapas	Comitan de Dominguez
Chiapas	La Concordia
Chiapas	Copainala
Chiapas	Chalchihuitan
Chiapas	Chamula
Chiapas	Chanal
Chiapas	Chapultenango
Chiapas	Chenalho
Chiapas	Chiapa de Corzo
Chiapas	Chiapilla
Chiapas	Chicoasen
Chiapas	Chicomuselo
Chiapas	Chilon
Chiapas	Escuintla
Chiapas	Francisco Leon
Chiapas	Frontera Comalapa
Chiapas	Frontera Hidalgo
Chiapas	La Grandeza
Chiapas	Huehuetan
Chiapas	Huixtan
Chiapas	Huitiupan
Chiapas	Huixtla
Chiapas	La Independencia
Chiapas	Ixhuatan
Chiapas	Ixtacomitan
Chiapas	Ixtapa
Chiapas	Ixtapangajoya
Chiapas	Jiquipilas
Chiapas	Jitotol
Chiapas	Juarez
Chiapas	Larrainzar
Chiapas	La Libertad
Chiapas	Mapastepec
Chiapas	Las Margaritas
Chiapas	Mazapa de Madero
Chiapas	Mazatan
Chiapas	Metapa
Chiapas	Mitontic
Chiapas	Motozintla
Chiapas	Nicolas Ruiz
Chiapas	Ocosingo
Chiapas	Ocotepec
Chiapas	Ocozocoautla de Espinosa
Chiapas	Ostuacan
Chiapas	Osumacinta
Chiapas	Oxchuc
Chiapas	Palenque
Chiapas	Pantelho
Chiapas	Pantepec
Chiapas	Pichucalco
Chiapas	Pijijiapan
Chiapas	El Porvenir
Chiapas	Villa Comaltitlan
Chiapas	Pueblo Nuevo Solistahuacan
Chiapas	Rayon
Chiapas	Reforma
Chiapas	Las Rosas
Chiapas	Sabanilla
Chiapas	Salto de Agua
Chiapas	San Cristobal de las Casas
Chiapas	San Fernando
Chiapas	Siltepec
Chiapas	Simojovel
Chiapas	Sitala
Chiapas	Socoltenango
Chiapas	Solosuchiapa
Chiapas	Soyalo
Chiapas	Suchiapa
Chiapas	Suchiate
Chiapas	Sunuapa
Chiapas	Tapachula
Chiapas	Tapalapa
Chiapas	Tapilula
Chiapas	Tecpatan
Chiapas	Tenejapa
Chiapas	Teopisca
Chiapas	Tila
Chiapas	Tonala
Chiapas	Totolapa
Chiapas	La Trinitaria
Chiapas	Tumbala
Chiapas	Tuxtla Gutierrez
Chiapas	Tuxtla Chico
Chiapas	Tuzantan
Chiapas	Tzimol
Chiapas	Union Juarez
Chiapas	Venustiano Carranza
Chiapas	Villa Corzo
Chiapas	Villaflores
Chiapas	Yajalon
Chiapas	San Lucas
Chiapas	Zinacantan
Chiapas	San Juan Cancuc
Chiapas	Aldama
Chiapas	Benemerito de las Americas
Chiapas	Maravilla Tenejapa
Chiapas	Marques de Comillas
Chiapas	Montecristo de Guerrero
Chiapas	San Andres Duraznal
Chiapas	Santiago el Pinar
Chihuahua	Ahumada
Chihuahua	Aldama
Chihuahua	Allende
Chihuahua	Aquiles Serdan
Chihuahua	Ascension
Chihuahua	Bachiniva
Chihuahua	Balleza
Chihuahua	Batopilas
Chihuahua	Bocoyna
Chihuahua	Buenaventura
Chihuahua	Camargo
Chihuahua	Carichi
Chihuahua	Casas Grandes
Chihuahua	Coronado
Chihuahua	Coyame del Sotol
Chihuahua	La Cruz
Chihuahua	Cuauhtemoc
Chihuahua	Cusihuiriachi
Chihuahua	Chihuahua
Chihuahua	Chinipas
Chihuahua	Delicias
Chihuahua	Dr. Belisario Dominguez
Chihuahua	Galeana
Chihuahua	Santa Isabel
Chihuahua	Gomez Farias
Chihuahua	Gran Morelos
Chihuahua	Guachochi
Chihuahua	Guadalupe
Chihuahua	Guadalupe y Calvo
Chihuahua	Guazapares
Chihuahua	Guerrero
Chihuahua	Hidalgo del Parral
Chihuahua	Huejotitan
Chihuahua	Ignacio Zaragoza
Chihuahua	Janos
Chihuahua	Jimenez
Chihuahua	Juarez
Chihuahua	Julimes
Chihuahua	Lopez
Chihuahua	Madera
Chihuahua	Maguarichi
Chihuahua	Manuel Benavides
Chihuahua	Matachi
Chihuahua	Matamoros
Chihuahua	Meoqui
Chihuahua	Morelos
Chihuahua	Moris
Chihuahua	Namiquipa
Chihuahua	Nonoava
Chihuahua	Nuevo Casas Grandes
Chihuahua	Ocampo
Chihuahua	Ojinaga
Chihuahua	Praxedis G. Guerrero
Chihuahua	Riva Palacio
Chihuahua	Rosales
Chihuahua	Rosario
Chihuahua	San Francisco de Borja
Chihuahua	San Francisco de Conchos
Chihuahua	San Francisco del Oro
Chihuahua	Santa Barbara
Chihuahua	Satevo
Chihuahua	Saucillo
Chihuahua	Temosachic
Chihuahua	El Tule
Chihuahua	Urique
Chihuahua	Uruachi
Chihuahua	Valle de Zaragoza
Distrito Federal	Azcapotzalco
Distrito Federal	Coyoacan
Distrito Federal	Cuajimalpa de Morelos
Distrito Federal	Gustavo A. Madero
Distrito Federal	Iztacalco
Distrito Federal	Iztapalapa
Distrito Federal	La Magdalena Contreras
Distrito Federal	Milpa Alta
Distrito Federal	alvaro Obregon
Distrito Federal	Tlahuac
Distrito Federal	Tlalpan
Distrito Federal	Xochimilco
Distrito Federal	Benito Juarez
Distrito Federal	Cuauhtemoc
Distrito Federal	Miguel Hidalgo
Distrito Federal	Venustiano Carranza
Durango	Canatlan
Durango	Canelas
Durango	Coneto de Comonfort
Durango	Cuencame
Durango	Durango
Durango	General Simon Bolivar
Durango	Gomez Palacio
Durango	Guadalupe Victoria
Durango	Guanacevi
Durango	Hidalgo
Durango	Inde
Durango	Lerdo
Durango	Mapimi
Durango	Mezquital
Durango	Nazas
Durango	Nombre de Dios
Durango	Ocampo
Durango	El Oro
Durango	Otaez
Durango	Panuco de Coronado
Durango	Penon Blanco
Durango	Poanas
Durango	Pueblo Nuevo
Durango	Rodeo
Durango	San Bernardo
Durango	San Dimas
Durango	San Juan de Guadalupe
Durango	San Juan del Rio
Durango	San Luis del Cordero
Durango	San Pedro del Gallo
Durango	Santa Clara
Durango	Santiago Papasquiaro
Durango	Suchil
Durango	Tamazula
Durango	Tepehuanes
Durango	Tlahualilo
Durango	Topia
Durango	Vicente Guerrero
Durango	Nuevo Ideal
Guanajuato	Abasolo
Guanajuato	Acambaro
Guanajuato	San Miguel de Allende
Guanajuato	Apaseo el Alto
Guanajuato	Apaseo el Grande
Guanajuato	Atarjea
Guanajuato	Celaya
Guanajuato	Manuel Doblado
Guanajuato	Comonfort
Guanajuato	Coroneo
Guanajuato	Cortazar
Guanajuato	Cueramaro
Guanajuato	Doctor Mora
Guanajuato	Dolores Hidalgo Cuna de la Independencia Nacional
Guanajuato	Guanajuato
Guanajuato	Huanimaro
Guanajuato	Irapuato
Guanajuato	Jaral del Progreso
Guanajuato	Jerecuaro
Guanajuato	Leon
Guanajuato	Moroleon
Guanajuato	Ocampo
Guanajuato	Penjamo
Guanajuato	Pueblo Nuevo
Guanajuato	Purisima del Rincon
Guanajuato	Romita
Guanajuato	Salamanca
Guanajuato	Salvatierra
Guanajuato	San Diego de la Union
Guanajuato	San Felipe
Guanajuato	San Francisco del Rincon
Guanajuato	San Jose Iturbide
Guanajuato	San Luis de la Paz
Guanajuato	Santa Catarina
Guanajuato	Santa Cruz de Juventino Rosas
Guanajuato	Santiago Maravatio
Guanajuato	Silao
Guanajuato	Tarandacuao
Guanajuato	Tarimoro
Guanajuato	Tierra Blanca
Guanajuato	Uriangato
Guanajuato	Valle de Santiago
Guanajuato	Victoria
Guanajuato	Villagran
Guanajuato	Xichu
Guanajuato	Yuriria
Guerrero	Acapulco de Juarez
Guerrero	Ahuacuotzingo
Guerrero	Ajuchitlan del Progreso
Guerrero	Alcozauca de Guerrero
Guerrero	Alpoyeca
Guerrero	Apaxtla
Guerrero	Arcelia
Guerrero	Atenango del Rio
Guerrero	Atlamajalcingo del Monte
Guerrero	Atlixtac
Guerrero	Atoyac de alvarez
Guerrero	Ayutla de los Libres
Guerrero	Azoyu
Guerrero	Benito Juarez
Guerrero	Buenavista de Cuellar
Guerrero	Coahuayutla de Jose Maria Izazaga
Guerrero	Cocula
Guerrero	Copala
Guerrero	Copalillo
Guerrero	Copanatoyac
Guerrero	Coyuca de Benitez
Guerrero	Coyuca de Catalan
Guerrero	Cuajinicuilapa
Guerrero	Cualac
Guerrero	Cuautepec
Guerrero	Cuetzala del Progreso
Guerrero	Cutzamala de Pinzon
Guerrero	Chilapa de alvarez
Guerrero	Chilpancingo de los Bravo
Guerrero	Florencio Villarreal
Guerrero	General Canuto A. Neri
Guerrero	General Heliodoro Castillo
Guerrero	Huamuxtitlan
Guerrero	Huitzuco de los Figueroa
Guerrero	Iguala de la Independencia
Guerrero	Igualapa
Guerrero	Ixcateopan de Cuauhtemoc
Guerrero	Zihuatanejo de Azueta
Guerrero	Juan R. Escudero
Guerrero	Leonardo Bravo
Guerrero	Malinaltepec
Guerrero	Martir de Cuilapan
Guerrero	Metlatonoc
Guerrero	Mochitlan
Guerrero	Olinala
Guerrero	Ometepec
Guerrero	Pedro Ascencio Alquisiras
Guerrero	Petatlan
Guerrero	Pilcaya
Guerrero	Pungarabato
Guerrero	Quechultenango
Guerrero	San Luis Acatlan
Guerrero	San Marcos
Guerrero	San Miguel Totolapan
Guerrero	Taxco de Alarcon
Guerrero	Tecoanapa
Guerrero	Tecpan de Galeana
Guerrero	Teloloapan
Guerrero	Tepecoacuilco de Trujano
Guerrero	Tetipac
Guerrero	Tixtla de Guerrero
Guerrero	Tlacoachistlahuaca
Guerrero	Tlacoapa
Guerrero	Tlalchapa
Guerrero	Tlalixtaquilla de Maldonado
Guerrero	Tlapa de Comonfort
Guerrero	Tlapehuala
Guerrero	La Union de Isidoro Montes de Oca
Guerrero	Xalpatlahuac
Guerrero	Xochihuehuetlan
Guerrero	Xochistlahuaca
Guerrero	Zapotitlan Tablas
Guerrero	Zirandaro
Guerrero	Zitlala
Guerrero	Eduardo Neri
Guerrero	Acatepec
Guerrero	Marquelia
Guerrero	Cochoapa el grande
Guerrero	Jose Joaquin de Herrera
Guerrero	Juchitan
Guerrero	Iliatenco
Hidalgo	Acatlan
Hidalgo	Acaxochitlan
Hidalgo	Actopan
Hidalgo	Agua Blanca de Iturbide
Hidalgo	Ajacuba
Hidalgo	Alfajayucan
Hidalgo	Almoloya
Hidalgo	Apan
Hidalgo	El Arenal
Hidalgo	Atitalaquia
Hidalgo	Atlapexco
Hidalgo	Atotonilco el Grande
Hidalgo	Atotonilco de Tula
Hidalgo	Calnali
Hidalgo	Cardonal
Hidalgo	Cuautepec de Hinojosa
Hidalgo	Chapantongo
Hidalgo	Chapulhuacan
Hidalgo	Chilcuautla
Hidalgo	Eloxochitlan
Hidalgo	Emiliano Zapata
Hidalgo	Epazoyucan
Hidalgo	Francisco I. Madero
Hidalgo	Huasca de Ocampo
Hidalgo	Huautla
Hidalgo	Huazalingo
Hidalgo	Huehuetla
Hidalgo	Huejutla de Reyes
Hidalgo	Huichapan
Hidalgo	Ixmiquilpan
Hidalgo	Jacala de Ledezma
Hidalgo	Jaltocan
Hidalgo	Juarez Hidalgo
Hidalgo	Lolotla
Hidalgo	Metepec
Hidalgo	San Agustin Metzquititlan
Hidalgo	Metztitlan
Hidalgo	Mineral del Chico
Hidalgo	Mineral del Monte
Hidalgo	La Mision
Hidalgo	Mixquiahuala de Juarez
Hidalgo	Molango de Escamilla
Hidalgo	Nicolas Flores
Hidalgo	Nopala de Villagran
Hidalgo	Omitlan de Juarez
Hidalgo	San Felipe Orizatlan
Hidalgo	Pacula
Hidalgo	Pachuca de Soto
Hidalgo	Pisaflores
Hidalgo	Progreso de Obregon
Hidalgo	Mineral de la Reforma
Hidalgo	San Agustin Tlaxiaca
Hidalgo	San Bartolo Tutotepec
Hidalgo	San Salvador
Hidalgo	Santiago de Anaya
Hidalgo	Santiago Tulantepec de Lugo Guerrero
Hidalgo	Singuilucan
Hidalgo	Tasquillo
Hidalgo	Tecozautla
Hidalgo	Tenango de Doria
Hidalgo	Tepeapulco
Hidalgo	Tepehuacan de Guerrero
Hidalgo	Tepeji del Rio de Ocampo
Hidalgo	Tepetitlan
Hidalgo	Tetepango
Hidalgo	Villa de Tezontepec
Hidalgo	Tezontepec de Aldama
Hidalgo	Tianguistengo
Hidalgo	Tizayuca
Hidalgo	Tlahuelilpan
Hidalgo	Tlahuiltepa
Hidalgo	Tlanalapa
Hidalgo	Tlanchinol
Hidalgo	Tlaxcoapan
Hidalgo	Tolcayuca
Hidalgo	Tula de Allende
Hidalgo	Tulancingo de Bravo
Hidalgo	Xochiatipan
Hidalgo	Xochicoatlan
Hidalgo	Yahualica
Hidalgo	Zacualtipan de angeles
Hidalgo	Zapotlan de Juarez
Hidalgo	Zempoala
Hidalgo	Zimapan
Jalisco	Acatic
Jalisco	Acatlan de Juarez
Jalisco	Ahualulco de Mercado
Jalisco	Amacueca
Jalisco	Amatitan
Jalisco	Ameca
Jalisco	San Juanito de Escobedo
Jalisco	Arandas
Jalisco	EL Arenal
Jalisco	Atemajac de Brizuela
Jalisco	Atengo
Jalisco	Atenguillo
Jalisco	Atotonilco el Alto
Jalisco	Atoyac
Jalisco	Autlan de Navarro
Jalisco	Ayotlan
Jalisco	Ayutla
Jalisco	La Barca
Jalisco	Bolanos
Jalisco	Cabo Corrientes
Jalisco	Casimiro Castillo
Jalisco	Cihuatlan
Jalisco	Zapotlan el Grande
Jalisco	Cocula
Jalisco	Colotlan
Jalisco	Concepcion de Buenos Aires
Jalisco	Cuautitlan de Garcia Barragan
Jalisco	Cuautla
Jalisco	Cuquio
Jalisco	Chapala
Jalisco	Chimaltitan
Jalisco	Chiquilistlan
Jalisco	Degollado
Jalisco	Ejutla
Jalisco	Encarnacion de Diaz
Jalisco	Etzatlan
Jalisco	El Grullo
Jalisco	Guachinango
Jalisco	Guadalajara
Jalisco	Hostotipaquillo
Jalisco	Huejucar
Jalisco	Huejuquilla el Alto
Jalisco	La Huerta
Jalisco	Ixtlahuacan de los Membrillos
Jalisco	Ixtlahuacan del Rio
Jalisco	Jalostotitlan
Jalisco	Jamay
Jalisco	Jesus Maria
Jalisco	Jilotlan de los Dolores
Jalisco	Jocotepec
Jalisco	Juanacatlan
Jalisco	Juchitlan
Jalisco	Lagos de Moreno
Jalisco	El Limon
Jalisco	Magdalena
Jalisco	Santa Maria del Oro
Jalisco	La Manzanilla de la Paz
Jalisco	Mascota
Jalisco	Mazamitla
Jalisco	Mexticacan
Jalisco	Mezquitic
Jalisco	Mixtlan
Jalisco	Ocotlan
Jalisco	Ojuelos de Jalisco
Jalisco	Pihuamo
Jalisco	Poncitlan
Jalisco	Puerto Vallarta
Jalisco	Villa Purificacion
Jalisco	Quitupan
Jalisco	El Salto
Jalisco	San Cristobal de la Barranca
Jalisco	San Diego de Alejandria
Jalisco	San Juan de los Lagos
Jalisco	San Julian
Jalisco	San Marcos
Jalisco	San Martin de Bolanos
Jalisco	San Martin Hidalgo
Jalisco	San Miguel el Alto
Jalisco	Gomez Farias
Jalisco	San Sebastian del Oeste
Jalisco	Santa Maria de los angeles
Jalisco	Sayula
Jalisco	Tala
Jalisco	Talpa de Allende
Jalisco	Tamazula de Gordiano
Jalisco	Tapalpa
Jalisco	Tecalitlan
Jalisco	Tecolotlan
Jalisco	Techaluta de Montenegro
Jalisco	Tenamaxtlan
Jalisco	Teocaltiche
Jalisco	Teocuitatlan de Corona
Jalisco	Tepatitlan de Morelos
Jalisco	Tequila
Jalisco	Teuchitlan
Jalisco	Tizapan el Alto
Jalisco	Tlajomulco de Zuniga
Jalisco	Tlaquepaque
Jalisco	Toliman
Jalisco	Tomatlan
Jalisco	Tonala
Jalisco	Tonaya
Jalisco	Tonila
Jalisco	Totatiche
Jalisco	Tototlan
Jalisco	Tuxcacuesco
Jalisco	Tuxcueca
Jalisco	Tuxpan
Jalisco	Union de San Antonio
Jalisco	Union de Tula
Jalisco	Valle de Guadalupe
Jalisco	Valle de Juarez
Jalisco	San Gabriel
Jalisco	Villa Corona
Jalisco	Villa Guerrero
Jalisco	Villa Hidalgo
Jalisco	Canadas de Obregon
Jalisco	Yahualica de Gonzalez Gallo
Jalisco	Zacoalco de Torres
Jalisco	Zapopan
Jalisco	Zapotiltic
Jalisco	Zapotitlan de Vadillo
Jalisco	Zapotlan del Rey
Jalisco	Zapotlanejo
Jalisco	San Ignacio Cerro Gordo
Mexico	Acambay
Mexico	Acolman
Mexico	Aculco
Mexico	Almoloya de Alquisiras
Mexico	Almoloya de Juarez
Mexico	Almoloya del Rio
Mexico	Amanalco
Mexico	Amatepec
Mexico	Amecameca
Mexico	Apaxco
Mexico	Atenco
Mexico	Atizapan
Mexico	Atizapan de Zaragoza
Mexico	Atlacomulco
Mexico	Atlautla
Mexico	Axapusco
Mexico	Ayapango
Mexico	Calimaya
Mexico	Capulhuac
Mexico	Coacalco de Berriozabal
Mexico	Coatepec Harinas
Mexico	Cocotitlan
Mexico	Coyotepec
Mexico	Cuautitlan
Mexico	Chalco
Mexico	Chapa de Mota
Mexico	Chapultepec
Mexico	Chiautla
Mexico	Chicoloapan
Mexico	Chiconcuac
Mexico	Chimalhuacan
Mexico	Donato Guerra
Mexico	Ecatepec de Morelos
Mexico	Ecatzingo
Mexico	Huehuetoca
Mexico	Hueypoxtla
Mexico	Huixquilucan
Mexico	Isidro Fabela
Mexico	Ixtapaluca
Mexico	Ixtapan de la Sal
Mexico	Ixtapan del Oro
Mexico	Ixtlahuaca
Mexico	Xalatlaco
Mexico	Jaltenco
Mexico	Jilotepec
Mexico	Jilotzingo
Mexico	Jiquipilco
Mexico	Jocotitlan
Mexico	Joquicingo
Mexico	Juchitepec
Mexico	Lerma
Mexico	Malinalco
Mexico	Melchor Ocampo
Mexico	Metepec
Mexico	Mexicaltzingo
Mexico	Morelos
Mexico	Naucalpan de Juarez
Mexico	Nezahualcoyotl
Mexico	Nextlalpan
Mexico	Nicolas Romero
Mexico	Nopaltepec
Mexico	Ocoyoacac
Mexico	Ocuilan
Mexico	El Oro
Mexico	Otumba
Mexico	Otzoloapan
Mexico	Otzolotepec
Mexico	Ozumba
Mexico	Papalotla
Mexico	La Paz
Mexico	Polotitlan
Mexico	Rayon
Mexico	San Antonio la Isla
Mexico	San Felipe del Progreso
Mexico	San Martin de las Piramides
Mexico	San Mateo Atenco
Mexico	San Simon de Guerrero
Mexico	Santo Tomas
Mexico	Soyaniquilpan de Juarez
Mexico	Sultepec
Mexico	Tecamac
Mexico	Tejupilco
Mexico	Temamatla
Mexico	Temascalapa
Mexico	Temascalcingo
Mexico	Temascaltepec
Mexico	Temoaya
Mexico	Tenancingo
Mexico	Tenango del Aire
Mexico	Tenango del Valle
Mexico	Teoloyucan
Mexico	Teotihuacan
Mexico	Tepetlaoxtoc
Mexico	Tepetlixpa
Mexico	Tepotzotlan
Mexico	Tequixquiac
Mexico	Texcaltitlan
Mexico	Texcalyacac
Mexico	Texcoco
Mexico	Tezoyuca
Mexico	Tianguistenco
Mexico	Timilpan
Mexico	Tlalmanalco
Mexico	Tlalnepantla de Baz
Mexico	Tlatlaya
Mexico	Toluca
Mexico	Tonatico
Mexico	Tultepec
Mexico	Tultitlan
Mexico	Valle de Bravo
Mexico	Villa de Allende
Mexico	Villa del Carbon
Mexico	Villa Guerrero
Mexico	Villa Victoria
Mexico	Xonacatlan
Mexico	Zacazonapan
Mexico	Zacualpan
Mexico	Zinacantepec
Mexico	Zumpahuacan
Mexico	Zumpango
Mexico	Cuautitlan Izcalli
Mexico	Valle de Chalco Solidaridad
Mexico	Luvianos
Mexico	San Jose del Rincon
Mexico	Tonanitla
Michoacan de Ocampo	Acuitzio
Michoacan de Ocampo	Aguililla
Michoacan de Ocampo	alvaro Obregon
Michoacan de Ocampo	Angamacutiro
Michoacan de Ocampo	Angangueo
Michoacan de Ocampo	Apatzingan
Michoacan de Ocampo	Aporo
Michoacan de Ocampo	Aquila
Michoacan de Ocampo	Ario
Michoacan de Ocampo	Arteaga
Michoacan de Ocampo	Brisenas
Michoacan de Ocampo	Buenavista
Michoacan de Ocampo	Caracuaro
Michoacan de Ocampo	Coahuayana
Michoacan de Ocampo	Coalcoman de Vazquez Pallares
Michoacan de Ocampo	Coeneo
Michoacan de Ocampo	Contepec
Michoacan de Ocampo	Copandaro
Michoacan de Ocampo	Cotija
Michoacan de Ocampo	Cuitzeo
Michoacan de Ocampo	Charapan
Michoacan de Ocampo	Charo
Michoacan de Ocampo	Chavinda
Michoacan de Ocampo	Cheran
Michoacan de Ocampo	Chilchota
Michoacan de Ocampo	Chinicuila
Michoacan de Ocampo	Chucandiro
Michoacan de Ocampo	Churintzio
Michoacan de Ocampo	Churumuco
Michoacan de Ocampo	Ecuandureo
Michoacan de Ocampo	Epitacio Huerta
Michoacan de Ocampo	Erongaricuaro
Michoacan de Ocampo	Gabriel Zamora
Michoacan de Ocampo	Hidalgo
Michoacan de Ocampo	La Huacana
Michoacan de Ocampo	Huandacareo
Michoacan de Ocampo	Huaniqueo
Michoacan de Ocampo	Huetamo
Michoacan de Ocampo	Huiramba
Michoacan de Ocampo	Indaparapeo
Michoacan de Ocampo	Irimbo
Michoacan de Ocampo	Ixtlan
Michoacan de Ocampo	Jacona
Michoacan de Ocampo	Jimenez
Michoacan de Ocampo	Jiquilpan
Michoacan de Ocampo	Juarez
Michoacan de Ocampo	Jungapeo
Michoacan de Ocampo	Lagunillas
Michoacan de Ocampo	Madero
Michoacan de Ocampo	Maravatio
Michoacan de Ocampo	Marcos Castellanos
Michoacan de Ocampo	Lazaro Cardenas
Michoacan de Ocampo	Morelia
Michoacan de Ocampo	Morelos
Michoacan de Ocampo	Mugica
Michoacan de Ocampo	Nahuatzen
Michoacan de Ocampo	Nocupetaro
Michoacan de Ocampo	Nuevo Parangaricutiro
Michoacan de Ocampo	Nuevo Urecho
Michoacan de Ocampo	Numaran
Michoacan de Ocampo	Ocampo
Michoacan de Ocampo	Pajacuaran
Michoacan de Ocampo	Panindicuaro
Michoacan de Ocampo	Paracuaro
Michoacan de Ocampo	Paracho
Michoacan de Ocampo	Patzcuaro
Michoacan de Ocampo	Penjamillo
Michoacan de Ocampo	Periban
Michoacan de Ocampo	La Piedad
Michoacan de Ocampo	Purepero
Michoacan de Ocampo	Puruandiro
Michoacan de Ocampo	Querendaro
Michoacan de Ocampo	Quiroga
Michoacan de Ocampo	Cojumatlan de Regules
Michoacan de Ocampo	Los Reyes
Michoacan de Ocampo	Sahuayo
Michoacan de Ocampo	San Lucas
Michoacan de Ocampo	Santa Ana Maya
Michoacan de Ocampo	Salvador Escalante
Michoacan de Ocampo	Senguio
Michoacan de Ocampo	Susupuato
Michoacan de Ocampo	Tacambaro
Michoacan de Ocampo	Tancitaro
Michoacan de Ocampo	Tangamandapio
Michoacan de Ocampo	Tangancicuaro
Michoacan de Ocampo	Tanhuato
Michoacan de Ocampo	Taretan
Michoacan de Ocampo	Tarimbaro
Michoacan de Ocampo	Tepalcatepec
Michoacan de Ocampo	Tingambato
Michoacan de Ocampo	Tingﾌﾟindin
Michoacan de Ocampo	Tiquicheo de Nicolas Romero
Michoacan de Ocampo	Tlalpujahua
Michoacan de Ocampo	Tlazazalca
Michoacan de Ocampo	Tocumbo
Michoacan de Ocampo	Tumbiscatio
Michoacan de Ocampo	Turicato
Michoacan de Ocampo	Tuxpan
Michoacan de Ocampo	Tuzantla
Michoacan de Ocampo	Tzintzuntzan
Michoacan de Ocampo	Tzitzio
Michoacan de Ocampo	Uruapan
Michoacan de Ocampo	Venustiano Carranza
Michoacan de Ocampo	Villamar
Michoacan de Ocampo	Vista Hermosa
Michoacan de Ocampo	Yurecuaro
Michoacan de Ocampo	Zacapu
Michoacan de Ocampo	Zamora
Michoacan de Ocampo	Zinaparo
Michoacan de Ocampo	Zinapecuaro
Michoacan de Ocampo	Ziracuaretiro
Michoacan de Ocampo	Zitacuaro
Michoacan de Ocampo	Jose Sixto Verduzco
Morelos	Amacuzac
Morelos	Atlatlahucan
Morelos	Axochiapan
Morelos	Ayala
Morelos	Coatlan del Rio
Morelos	Cuautla
Morelos	Cuernavaca
Morelos	Emiliano Zapata
Morelos	Huitzilac
Morelos	Jantetelco
Morelos	Jiutepec
Morelos	Jojutla
Morelos	Jonacatepec
Morelos	Mazatepec
Morelos	Miacatlan
Morelos	Ocuituco
Morelos	Puente de Ixtla
Morelos	Temixco
Morelos	Tepalcingo
Morelos	Tepoztlan
Morelos	Tetecala
Morelos	Tetela del Volcan
Morelos	Tlalnepantla
Morelos	Tlaltizapan
Morelos	Tlaquiltenango
Morelos	Tlayacapan
Morelos	Totolapan
Morelos	Xochitepec
Morelos	Yautepec
Morelos	Yecapixtla
Morelos	Zacatepec
Morelos	Zacualpan
Morelos	Temoac
Nayarit	Acaponeta
Nayarit	Ahuacatlan
Nayarit	Amatlan de Canas
Nayarit	Compostela
Nayarit	Huajicori
Nayarit	Ixtlan del Rio
Nayarit	Jala
Nayarit	Xalisco
Nayarit	Del Nayar
Nayarit	Rosamorada
Nayarit	Ruiz
Nayarit	San Blas
Nayarit	San Pedro Lagunillas
Nayarit	Santa Maria del Oro
Nayarit	Santiago Ixcuintla
Nayarit	Tecuala
Nayarit	Tepic
Nayarit	Tuxpan
Nayarit	La Yesca
Nayarit	Bahia de Banderas
Nuevo Leon	Abasolo
Nuevo Leon	Agualeguas
Nuevo Leon	Los Aldamas
Nuevo Leon	Allende
Nuevo Leon	Anahuac
Nuevo Leon	Apodaca
Nuevo Leon	Aramberri
Nuevo Leon	Bustamante
Nuevo Leon	Cadereyta Jimenez
Nuevo Leon	Carmen
Nuevo Leon	Cerralvo
Nuevo Leon	Cienega de Flores
Nuevo Leon	China
Nuevo Leon	Dr. Arroyo
Nuevo Leon	Dr. Coss
Nuevo Leon	Dr. Gonzalez
Nuevo Leon	Galeana
Nuevo Leon	Garcia
Nuevo Leon	San Pedro Garza Garcia
Nuevo Leon	Gral. Bravo
Nuevo Leon	Gral. Escobedo
Nuevo Leon	Gral. Teran
Nuevo Leon	Gral. Trevino
Nuevo Leon	Gral. Zaragoza
Nuevo Leon	Gral. Zuazua
Nuevo Leon	Guadalupe
Nuevo Leon	Los Herreras
Nuevo Leon	Higueras
Nuevo Leon	Hualahuises
Nuevo Leon	Iturbide
Nuevo Leon	Juarez
Nuevo Leon	Lampazos de Naranjo
Nuevo Leon	Linares
Nuevo Leon	Marin
Nuevo Leon	Melchor Ocampo
Nuevo Leon	Mier y Noriega
Nuevo Leon	Mina
Nuevo Leon	Montemorelos
Nuevo Leon	Monterrey
Nuevo Leon	Paras
Nuevo Leon	Pesqueria
Nuevo Leon	Los Ramones
Nuevo Leon	Rayones
Nuevo Leon	Sabinas Hidalgo
Nuevo Leon	Salinas Victoria
Nuevo Leon	San Nicolas de los Garza
Nuevo Leon	Hidalgo
Nuevo Leon	Santa Catarina
Nuevo Leon	Santiago
Nuevo Leon	Vallecillo
Nuevo Leon	Villaldama
Oaxaca	Abejones
Oaxaca	Acatlan de Perez Figueroa
Oaxaca	Asuncion Cacalotepec
Oaxaca	Asuncion Cuyotepeji
Oaxaca	Asuncion Ixtaltepec
Oaxaca	Asuncion Nochixtlan
Oaxaca	Asuncion Ocotlan
Oaxaca	Asuncion Tlacolulita
Oaxaca	Ayotzintepec
Oaxaca	El Barrio de la Soledad
Oaxaca	Calihuala
Oaxaca	Candelaria Loxicha
Oaxaca	Cienega de Zimatlan
Oaxaca	Ciudad Ixtepec
Oaxaca	Coatecas Altas
Oaxaca	Coicoyan de las Flores
Oaxaca	La Compania
Oaxaca	Concepcion Buenavista
Oaxaca	Concepcion Papalo
Oaxaca	Constancia del Rosario
Oaxaca	Cosolapa
Oaxaca	Cosoltepec
Oaxaca	Cuilapam de Guerrero
Oaxaca	Cuyamecalco Villa de Zaragoza
Oaxaca	Chahuites
Oaxaca	Chalcatongo de Hidalgo
Oaxaca	Chiquihuitlan de Benito Juarez
Oaxaca	Heroica Ciudad de Ejutla de Crespo
Oaxaca	Eloxochitlan de Flores Magon
Oaxaca	El Espinal
Oaxaca	Tamazulapam del Espiritu Santo
Oaxaca	Fresnillo
Oaxaca	Guadalupe Etla
Oaxaca	Guadalupe de Ramirez
Oaxaca	Guelatao de Juarez
Oaxaca	Guevea de Humboldt
Oaxaca	Mesones Hidalgo
Oaxaca	Villa Hidalgo
Oaxaca	Heroica Ciudad de Huajuapan de Leon
Oaxaca	Huautepec
Oaxaca	Huautla de Jimenez
Oaxaca	Ixtlan de Juarez
Oaxaca	Heroica Ciudad de Juchitan de Zaragoza
Oaxaca	Loma Bonita
Oaxaca	Magdalena Apasco
Oaxaca	Magdalena Jaltepec
Oaxaca	Santa Magdalena Jicotlan
Oaxaca	Magdalena Mixtepec
Oaxaca	Magdalena Ocotlan
Oaxaca	Magdalena Penasco
Oaxaca	Magdalena Teitipac
Oaxaca	Magdalena Tequisistlan
Oaxaca	Magdalena Tlacotepec
Oaxaca	Magdalena Zahuatlan
Oaxaca	Mariscala de Juarez
Oaxaca	Martires de Tacubaya
Oaxaca	Matias Romero Avendano
Oaxaca	Mazatlan Villa de Flores
Oaxaca	Miahuatlan de Porfirio Diaz
Oaxaca	Mixistlan de la Reforma
Oaxaca	Monjas
Oaxaca	Natividad
Oaxaca	Nazareno Etla
Oaxaca	Nejapa de Madero
Oaxaca	Ixpantepec Nieves
Oaxaca	Santiago Niltepec
Oaxaca	Oaxaca de Juarez
Oaxaca	Ocotlan de Morelos
Oaxaca	La Pe
Oaxaca	Pinotepa de Don Luis
Oaxaca	Pluma Hidalgo
Oaxaca	San Jose del Progreso
Oaxaca	Putla Villa de Guerrero
Oaxaca	Santa Catarina Quioquitani
Oaxaca	Reforma de Pineda
Oaxaca	La Reforma
Oaxaca	Reyes Etla
Oaxaca	Rojas de Cuauhtemoc
Oaxaca	Salina Cruz
Oaxaca	San Agustin Amatengo
Oaxaca	San Agustin Atenango
Oaxaca	San Agustin Chayuco
Oaxaca	San Agustin de las Juntas
Oaxaca	San Agustin Etla
Oaxaca	San Agustin Loxicha
Oaxaca	San Agustin Tlacotepec
Oaxaca	San Agustin Yatareni
Oaxaca	San Andres Cabecera Nueva
Oaxaca	San Andres Dinicuiti
Oaxaca	San Andres Huaxpaltepec
Oaxaca	San Andres Huayapam
Oaxaca	San Andres Ixtlahuaca
Oaxaca	San Andres Lagunas
Oaxaca	San Andres Nuxino
Oaxaca	San Andres Paxtlan
Oaxaca	San Andres Sinaxtla
Oaxaca	San Andres Solaga
Oaxaca	San Andres Teotilalpam
Oaxaca	San Andres Tepetlapa
Oaxaca	San Andres Yaa
Oaxaca	San Andres Zabache
Oaxaca	San Andres Zautla
Oaxaca	San Antonino Castillo Velasco
Oaxaca	San Antonino el Alto
Oaxaca	San Antonino Monte Verde
Oaxaca	San Antonio Acutla
Oaxaca	San Antonio de la Cal
Oaxaca	San Antonio Huitepec
Oaxaca	San Antonio Nanahuatipam
Oaxaca	San Antonio Sinicahua
Oaxaca	San Antonio Tepetlapa
Oaxaca	San Baltazar Chichicapam
Oaxaca	San Baltazar Loxicha
Oaxaca	San Baltazar Yatzachi el Bajo
Oaxaca	San Bartolo Coyotepec
Oaxaca	San Bartolome Ayautla
Oaxaca	San Bartolome Loxicha
Oaxaca	San Bartolome Quialana
Oaxaca	San Bartolome Yucuane
Oaxaca	San Bartolome Zoogocho
Oaxaca	San Bartolo Soyaltepec
Oaxaca	San Bartolo Yautepec
Oaxaca	San Bernardo Mixtepec
Oaxaca	San Blas Atempa
Oaxaca	San Carlos Yautepec
Oaxaca	San Cristobal Amatlan
Oaxaca	San Cristobal Amoltepec
Oaxaca	San Cristobal Lachirioag
Oaxaca	San Cristobal Suchixtlahuaca
Oaxaca	San Dionisio del Mar
Oaxaca	San Dionisio Ocotepec
Oaxaca	San Dionisio Ocotlan
Oaxaca	San Esteban Atatlahuca
Oaxaca	San Felipe Jalapa de Diaz
Oaxaca	San Felipe Tejalapam
Oaxaca	San Felipe Usila
Oaxaca	San Francisco Cahuacua
Oaxaca	San Francisco Cajonos
Oaxaca	San Francisco Chapulapa
Oaxaca	San Francisco Chindua
Oaxaca	San Francisco del Mar
Oaxaca	San Francisco Huehuetlan
Oaxaca	San Francisco Ixhuatan
Oaxaca	San Francisco Jaltepetongo
Oaxaca	San Francisco Lachigolo
Oaxaca	San Francisco Logueche
Oaxaca	San Francisco Nuxano
Oaxaca	San Francisco Ozolotepec
Oaxaca	San Francisco Sola
Oaxaca	San Francisco Telixtlahuaca
Oaxaca	San Francisco Teopan
Oaxaca	San Francisco Tlapancingo
Oaxaca	San Gabriel Mixtepec
Oaxaca	San Ildefonso Amatlan
Oaxaca	San Ildefonso Sola
Oaxaca	San Ildefonso Villa Alta
Oaxaca	San Jacinto Amilpas
Oaxaca	San Jacinto Tlacotepec
Oaxaca	San Jeronimo Coatlan
Oaxaca	San Jeronimo Silacayoapilla
Oaxaca	San Jeronimo Sosola
Oaxaca	San Jeronimo Taviche
Oaxaca	San Jeronimo Tecoatl
Oaxaca	San Jorge Nuchita
Oaxaca	San Jose Ayuquila
Oaxaca	San Jose Chiltepec
Oaxaca	San Jose del Penasco
Oaxaca	San Jose Estancia Grande
Oaxaca	San Jose Independencia
Oaxaca	San Jose Lachiguiri
Oaxaca	San Jose Tenango
Oaxaca	San Juan Achiutla
Oaxaca	San Juan Atepec
Oaxaca	animas Trujano
Oaxaca	San Juan Bautista Atatlahuca
Oaxaca	San Juan Bautista Coixtlahuaca
Oaxaca	San Juan Bautista Cuicatlan
Oaxaca	San Juan Bautista Guelache
Oaxaca	San Juan Bautista Jayacatlan
Oaxaca	San Juan Bautista Lo de Soto
Oaxaca	San Juan Bautista Suchitepec
Oaxaca	San Juan Bautista Tlacoatzintepec
Oaxaca	San Juan Bautista Tlachichilco
Oaxaca	San Juan Bautista Tuxtepec
Oaxaca	San Juan Cacahuatepec
Oaxaca	San Juan Cieneguilla
Oaxaca	San Juan Coatzospam
Oaxaca	San Juan Colorado
Oaxaca	San Juan Comaltepec
Oaxaca	San Juan Cotzocon
Oaxaca	San Juan Chicomezuchil
Oaxaca	San Juan Chilateca
Oaxaca	San Juan del Estado
Oaxaca	San Juan del Rio
Oaxaca	San Juan Diuxi
Oaxaca	San Juan Evangelista Analco
Oaxaca	San Juan Guelavia
Oaxaca	San Juan Guichicovi
Oaxaca	San Juan Ihualtepec
Oaxaca	San Juan Juquila Mixes
Oaxaca	San Juan Juquila Vijanos
Oaxaca	San Juan Lachao
Oaxaca	San Juan Lachigalla
Oaxaca	San Juan Lajarcia
Oaxaca	San Juan Lalana
Oaxaca	San Juan de los Cues
Oaxaca	San Juan Mazatlan
Oaxaca	San Juan Mixtepec -Dto. 08 -
Oaxaca	San Juan Mixtepec -Dto. 26 -
Oaxaca	San Juan ���umi
Oaxaca	San Juan Ozolotepec
Oaxaca	San Juan Petlapa
Oaxaca	San Juan Quiahije
Oaxaca	San Juan Quiotepec
Oaxaca	San Juan Sayultepec
Oaxaca	San Juan Tabaa
Oaxaca	San Juan Tamazola
Oaxaca	San Juan Teita
Oaxaca	San Juan Teitipac
Oaxaca	San Juan Tepeuxila
Oaxaca	San Juan Teposcolula
Oaxaca	San Juan Yaee
Oaxaca	San Juan Yatzona
Oaxaca	San Juan Yucuita
Oaxaca	San Lorenzo
Oaxaca	San Lorenzo Albarradas
Oaxaca	San Lorenzo Cacaotepec
Oaxaca	San Lorenzo Cuaunecuiltitla
Oaxaca	San Lorenzo Texmelucan
Oaxaca	San Lorenzo Victoria
Oaxaca	San Lucas Camotlan
Oaxaca	San Lucas Ojitlan
Oaxaca	San Lucas Quiavini
Oaxaca	San Lucas Zoquiapam
Oaxaca	San Luis Amatlan
Oaxaca	San Marcial Ozolotepec
Oaxaca	San Marcos Arteaga
Oaxaca	San Martin de los Cansecos
Oaxaca	San Martin Huamelulpam
Oaxaca	San Martin Itunyoso
Oaxaca	San Martin Lachila
Oaxaca	San Martin Peras
Oaxaca	San Martin Tilcajete
Oaxaca	San Martin Toxpalan
Oaxaca	San Martin Zacatepec
Oaxaca	San Mateo Cajonos
Oaxaca	Capulalpam de Mendez
Oaxaca	San Mateo del Mar
Oaxaca	San Mateo Yoloxochitlan
Oaxaca	San Mateo Etlatongo
Oaxaca	San Mateo Nejapam
Oaxaca	San Mateo Penasco
Oaxaca	San Mateo Pinas
Oaxaca	San Mateo Rio Hondo
Oaxaca	San Mateo Sindihui
Oaxaca	San Mateo Tlapiltepec
Oaxaca	San Melchor Betaza
Oaxaca	San Miguel Achiutla
Oaxaca	San Miguel Ahuehuetitlan
Oaxaca	San Miguel Aloapam
Oaxaca	San Miguel Amatitlan
Oaxaca	San Miguel Amatlan
Oaxaca	San Miguel Coatlan
Oaxaca	San Miguel Chicahua
Oaxaca	San Miguel Chimalapa
Oaxaca	San Miguel del Puerto
Oaxaca	San Miguel del Rio
Oaxaca	San Miguel Ejutla
Oaxaca	San Miguel el Grande
Oaxaca	San Miguel Huautla
Oaxaca	San Miguel Mixtepec
Oaxaca	San Miguel Panixtlahuaca
Oaxaca	San Miguel Peras
Oaxaca	San Miguel Piedras
Oaxaca	San Miguel Quetzaltepec
Oaxaca	San Miguel Santa Flor
Oaxaca	Villa Sola de Vega
Oaxaca	San Miguel Soyaltepec
Oaxaca	San Miguel Suchixtepec
Oaxaca	Villa Talea de Castro
Oaxaca	San Miguel Tecomatlan
Oaxaca	San Miguel Tenango
Oaxaca	San Miguel Tequixtepec
Oaxaca	San Miguel Tilquiapam
Oaxaca	San Miguel Tlacamama
Oaxaca	San Miguel Tlacotepec
Oaxaca	San Miguel Tulancingo
Oaxaca	San Miguel Yotao
Oaxaca	San Nicolas
Oaxaca	San Nicolas Hidalgo
Oaxaca	San Pablo Coatlan
Oaxaca	San Pablo Cuatro Venados
Oaxaca	San Pablo Etla
Oaxaca	San Pablo Huitzo
Oaxaca	San Pablo Huixtepec
Oaxaca	San Pablo Macuiltianguis
Oaxaca	San Pablo Tijaltepec
Oaxaca	San Pablo Villa de Mitla
Oaxaca	San Pablo Yaganiza
Oaxaca	San Pedro Amuzgos
Oaxaca	San Pedro Apostol
Oaxaca	San Pedro Atoyac
Oaxaca	San Pedro Cajonos
Oaxaca	San Pedro Coxcaltepec Cantaros
Oaxaca	San Pedro Comitancillo
Oaxaca	San Pedro el Alto
Oaxaca	San Pedro Huamelula
Oaxaca	San Pedro Huilotepec
Oaxaca	San Pedro Ixcatlan
Oaxaca	San Pedro Ixtlahuaca
Oaxaca	San Pedro Jaltepetongo
Oaxaca	San Pedro Jicayan
Oaxaca	San Pedro Jocotipac
Oaxaca	San Pedro Juchatengo
Oaxaca	San Pedro Martir
Oaxaca	San Pedro Martir Quiechapa
Oaxaca	San Pedro Martir Yucuxaco
Oaxaca	San Pedro Mixtepec -Dto. 22 -
Oaxaca	San Pedro Mixtepec -Dto. 26 -
Oaxaca	San Pedro Molinos
Oaxaca	San Pedro Nopala
Oaxaca	San Pedro Ocopetatillo
Oaxaca	San Pedro Ocotepec
Oaxaca	San Pedro Pochutla
Oaxaca	San Pedro Quiatoni
Oaxaca	San Pedro Sochiapam
Oaxaca	San Pedro Tapanatepec
Oaxaca	San Pedro Taviche
Oaxaca	San Pedro Teozacoalco
Oaxaca	San Pedro Teutila
Oaxaca	San Pedro Tidaa
Oaxaca	San Pedro Topiltepec
Oaxaca	San Pedro Totolapam
Oaxaca	Villa de Tututepec de Melchor Ocampo
Oaxaca	San Pedro Yaneri
Oaxaca	San Pedro Yolox
Oaxaca	San Pedro y San Pablo Ayutla
Oaxaca	Villa de Etla
Oaxaca	San Pedro y San Pablo Teposcolula
Oaxaca	San Pedro y San Pablo Tequixtepec
Oaxaca	San Pedro Yucunama
Oaxaca	San Raymundo Jalpan
Oaxaca	San Sebastian Abasolo
Oaxaca	San Sebastian Coatlan
Oaxaca	San Sebastian Ixcapa
Oaxaca	San Sebastian Nicananduta
Oaxaca	San Sebastian Rio Hondo
Oaxaca	San Sebastian Tecomaxtlahuaca
Oaxaca	San Sebastian Teitipac
Oaxaca	San Sebastian Tutla
Oaxaca	San Simon Almolongas
Oaxaca	San Simon Zahuatlan
Oaxaca	Santa Ana
Oaxaca	Santa Ana Ateixtlahuaca
Oaxaca	Santa Ana Cuauhtemoc
Oaxaca	Santa Ana del Valle
Oaxaca	Santa Ana Tavela
Oaxaca	Santa Ana Tlapacoyan
Oaxaca	Santa Ana Yareni
Oaxaca	Santa Ana Zegache
Oaxaca	Santa Catalina Quieri
Oaxaca	Santa Catarina Cuixtla
Oaxaca	Santa Catarina Ixtepeji
Oaxaca	Santa Catarina Juquila
Oaxaca	Santa Catarina Lachatao
Oaxaca	Santa Catarina Loxicha
Oaxaca	Santa Catarina Mechoacan
Oaxaca	Santa Catarina Minas
Oaxaca	Santa Catarina Quiane
Oaxaca	Santa Catarina Tayata
Oaxaca	Santa Catarina Ticua
Oaxaca	Santa Catarina Yosonotu
Oaxaca	Santa Catarina Zapoquila
Oaxaca	Santa Cruz Acatepec
Oaxaca	Santa Cruz Amilpas
Oaxaca	Santa Cruz de Bravo
Oaxaca	Santa Cruz Itundujia
Oaxaca	Santa Cruz Mixtepec
Oaxaca	Santa Cruz Nundaco
Oaxaca	Santa Cruz Papalutla
Oaxaca	Santa Cruz Tacache de Mina
Oaxaca	Santa Cruz Tacahua
Oaxaca	Santa Cruz Tayata
Oaxaca	Santa Cruz Xitla
Oaxaca	Santa Cruz Xoxocotlan
Oaxaca	Santa Cruz Zenzontepec
Oaxaca	Santa Gertrudis
Oaxaca	Santa Ines del Monte
Oaxaca	Santa Ines Yatzeche
Oaxaca	Santa Lucia del Camino
Oaxaca	Santa Lucia Miahuatlan
Oaxaca	Santa Lucia Monteverde
Oaxaca	Santa Lucia Ocotlan
Oaxaca	Santa Maria Alotepec
Oaxaca	Santa Maria Apazco
Oaxaca	Santa Maria la Asuncion
Oaxaca	Heroica Ciudad de Tlaxiaco
Oaxaca	Ayoquezco de Aldama
Oaxaca	Santa Maria Atzompa
Oaxaca	Santa Maria Camotlan
Oaxaca	Santa Maria Colotepec
Oaxaca	Santa Maria Cortijo
Oaxaca	Santa Maria Coyotepec
Oaxaca	Santa Maria Chachoapam
Oaxaca	Villa de Chilapa de Diaz
Oaxaca	Santa Maria Chilchotla
Oaxaca	Santa Maria Chimalapa
Oaxaca	Santa Maria del Rosario
Oaxaca	Santa Maria del Tule
Oaxaca	Santa Maria Ecatepec
Oaxaca	Santa Maria Guelace
Oaxaca	Santa Maria Guienagati
Oaxaca	Santa Maria Huatulco
Oaxaca	Santa Maria Huazolotitlan
Oaxaca	Santa Maria Ipalapa
Oaxaca	Santa Maria Ixcatlan
Oaxaca	Santa Maria Jacatepec
Oaxaca	Santa Maria Jalapa del Marques
Oaxaca	Santa Maria Jaltianguis
Oaxaca	Santa Maria Lachixio
Oaxaca	Santa Maria Mixtequilla
Oaxaca	Santa Maria Nativitas
Oaxaca	Santa Maria Nduayaco
Oaxaca	Santa Maria Ozolotepec
Oaxaca	Santa Maria Papalo
Oaxaca	Santa Maria Penoles
Oaxaca	Santa Maria Petapa
Oaxaca	Santa Maria Quiegolani
Oaxaca	Santa Maria Sola
Oaxaca	Santa Maria Tataltepec
Oaxaca	Santa Maria Tecomavaca
Oaxaca	Santa Maria Temaxcalapa
Oaxaca	Santa Maria Temaxcaltepec
Oaxaca	Santa Maria Teopoxco
Oaxaca	Santa Maria Tepantlali
Oaxaca	Santa Maria Texcatitlan
Oaxaca	Santa Maria Tlahuitoltepec
Oaxaca	Santa Maria Tlalixtac
Oaxaca	Santa Maria Tonameca
Oaxaca	Santa Maria Totolapilla
Oaxaca	Santa Maria Xadani
Oaxaca	Santa Maria Yalina
Oaxaca	Santa Maria Yavesia
Oaxaca	Santa Maria Yolotepec
Oaxaca	Santa Maria Yosoyua
Oaxaca	Santa Maria Yucuhiti
Oaxaca	Santa Maria Zacatepec
Oaxaca	Santa Maria Zaniza
Oaxaca	Santa Maria Zoquitlan
Oaxaca	Santiago Amoltepec
Oaxaca	Santiago Apoala
Oaxaca	Santiago Apostol
Oaxaca	Santiago Astata
Oaxaca	Santiago Atitlan
Oaxaca	Santiago Ayuquililla
Oaxaca	Santiago Cacaloxtepec
Oaxaca	Santiago Camotlan
Oaxaca	Santiago Comaltepec
Oaxaca	Santiago Chazumba
Oaxaca	Santiago Choapam
Oaxaca	Santiago del Rio
Oaxaca	Santiago Huajolotitlan
Oaxaca	Santiago Huauclilla
Oaxaca	Santiago Ihuitlan Plumas
Oaxaca	Santiago Ixcuintepec
Oaxaca	Santiago Ixtayutla
Oaxaca	Santiago Jamiltepec
Oaxaca	Santiago Jocotepec
Oaxaca	Santiago Juxtlahuaca
Oaxaca	Santiago Lachiguiri
Oaxaca	Santiago Lalopa
Oaxaca	Santiago Laollaga
Oaxaca	Santiago Laxopa
Oaxaca	Santiago Llano Grande
Oaxaca	Santiago Matatlan
Oaxaca	Santiago Miltepec
Oaxaca	Santiago Minas
Oaxaca	Santiago Nacaltepec
Oaxaca	Santiago Nejapilla
Oaxaca	Santiago Nundiche
Oaxaca	Santiago Nuyoo
Oaxaca	Santiago Pinotepa Nacional
Oaxaca	Santiago Suchilquitongo
Oaxaca	Santiago Tamazola
Oaxaca	Santiago Tapextla
Oaxaca	Villa Tejupam de la Union
Oaxaca	Santiago Tenango
Oaxaca	Santiago Tepetlapa
Oaxaca	Santiago Tetepec
Oaxaca	Santiago Texcalcingo
Oaxaca	Santiago Textitlan
Oaxaca	Santiago Tilantongo
Oaxaca	Santiago Tillo
Oaxaca	Santiago Tlazoyaltepec
Oaxaca	Santiago Xanica
Oaxaca	Santiago Xiacui
Oaxaca	Santiago Yaitepec
Oaxaca	Santiago Yaveo
Oaxaca	Santiago Yolomecatl
Puebla	Santiago Yosondua
Puebla	Santiago Yucuyachi
Puebla	Santiago Zacatepec
Puebla	Santiago Zoochila
Puebla	Nuevo Zoquiapam
Puebla	Santo Domingo Ingenio
Puebla	Santo Domingo Albarradas
Puebla	Santo Domingo Armenta
Puebla	Santo Domingo Chihuitan
Puebla	Santo Domingo de Morelos
Puebla	Santo Domingo Ixcatlan
Puebla	Santo Domingo Nuxaa
Puebla	Santo Domingo Ozolotepec
Puebla	Santo Domingo Petapa
Puebla	Santo Domingo Roayaga
Puebla	Santo Domingo Tehuantepec
Puebla	Santo Domingo Teojomulco
Puebla	Santo Domingo Tepuxtepec
Puebla	Santo Domingo Tlatayapam
Puebla	Santo Domingo Tomaltepec
Puebla	Santo Domingo Tonala
Puebla	Santo Domingo Tonaltepec
Puebla	Santo Domingo Xagacia
Puebla	Santo Domingo Yanhuitlan
Puebla	Santo Domingo Yodohino
Puebla	Santo Domingo Zanatepec
Puebla	Santos Reyes Nopala
Puebla	Santos Reyes Papalo
Puebla	Santos Reyes Tepejillo
Puebla	Santos Reyes Yucuna
Puebla	Santo Tomas Jalieza
Puebla	Santo Tomas Mazaltepec
Puebla	Santo Tomas Ocotepec
Puebla	Santo Tomas Tamazulapan
Puebla	San Vicente Coatlan
Puebla	San Vicente Lachixio
Puebla	San Vicente Nunu
Puebla	Silacayoapam
Puebla	Sitio de Xitlapehua
Puebla	Soledad Etla
Puebla	Villa de Tamazulapam del Progreso
Puebla	Tanetze de Zaragoza
Puebla	Taniche
Puebla	Tataltepec de Valdes
Puebla	Teococuilco de Marcos Perez
Puebla	Teotitlan de Flores Magon
Puebla	Teotitlan del Valle
Puebla	Teotongo
Puebla	Tepelmeme Villa de Morelos
Puebla	Tezoatlan de Segura y Luna
Puebla	San Jeronimo Tlacochahuaya
Puebla	Tlacolula de Matamoros
Puebla	Tlacotepec Plumas
Puebla	Tlalixtac de Cabrera
Puebla	Totontepec Villa de Morelos
Puebla	Trinidad Zaachila
Puebla	La Trinidad Vista Hermosa
Puebla	Union Hidalgo
Puebla	Valerio Trujano
Puebla	San Juan Bautista Valle Nacional
Puebla	Villa Diaz Ordaz
Puebla	Yaxe
Puebla	Magdalena Yodocono de Porfirio Diaz
Puebla	Yogana
Puebla	Yutanduchi de Guerrero
Puebla	Villa de Zaachila
Puebla	San Mateo Yucutindo
Puebla	Zapotitlan Lagunas
Puebla	Zapotitlan Palmas
Puebla	Santa Ines de Zaragoza
Puebla	Zimatlan de alvarez
Puebla	Acajete
Puebla	Acateno
Puebla	Acatlan
Puebla	Acatzingo
Puebla	Acteopan
Puebla	Ahuacatlan
Puebla	Ahuatlan
Puebla	Ahuazotepec
Puebla	Ahuehuetitla
Puebla	Ajalpan
Puebla	Albino Zertuche
Puebla	Aljojuca
Puebla	Altepexi
Puebla	Amixtlan
Puebla	Amozoc
Puebla	Aquixtla
Puebla	Atempan
Puebla	Atexcal
Puebla	Atlixco
Puebla	Atoyatempan
Puebla	Atzala
Puebla	Atzitzihuacan
Puebla	Atzitzintla
Puebla	Axutla
Puebla	Ayotoxco de Guerrero
Puebla	Calpan
Puebla	Caltepec
Puebla	Camocuautla
Puebla	Caxhuacan
Puebla	Coatepec
Puebla	Coatzingo
Puebla	Cohetzala
Puebla	Cohuecan
Puebla	Coronango
Puebla	Coxcatlan
Puebla	Coyomeapan
Puebla	Coyotepec
Puebla	Cuapiaxtla de Madero
Puebla	Cuautempan
Puebla	Cuautinchan
Puebla	Cuautlancingo
Puebla	Cuayuca de Andrade
Puebla	Cuetzalan del Progreso
Puebla	Cuyoaco
Puebla	Chalchicomula de Sesma
Puebla	Chapulco
Puebla	Chiautla
Puebla	Chiautzingo
Puebla	Chiconcuautla
Puebla	Chichiquila
Puebla	Chietla
Puebla	Chigmecatitlan
Puebla	Chignahuapan
Puebla	Chignautla
Puebla	Chila
Puebla	Chila de la Sal
Puebla	Honey
Puebla	Chilchotla
Puebla	Chinantla
Puebla	Domingo Arenas
Puebla	Eloxochitlan
Puebla	Epatlan
Puebla	Esperanza
Puebla	Francisco Z. Mena
Puebla	General Felipe angeles
Puebla	Guadalupe
Puebla	Guadalupe Victoria
Puebla	Hermenegildo Galeana
Puebla	Huaquechula
Puebla	Huatlatlauca
Puebla	Huauchinango
Puebla	Huehuetla
Puebla	Huehuetlan el Chico
Puebla	Huejotzingo
Puebla	Hueyapan
Puebla	Hueytamalco
Puebla	Hueytlalpan
Puebla	Huitzilan de Serdan
Puebla	Huitziltepec
Puebla	Atlequizayan
Puebla	Ixcamilpa de Guerrero
Puebla	Ixcaquixtla
Puebla	Ixtacamaxtitlan
Puebla	Ixtepec
Puebla	Izucar de Matamoros
Puebla	Jalpan
Puebla	Jolalpan
Puebla	Jonotla
Puebla	Jopala
Puebla	Juan C. Bonilla
Puebla	Juan Galindo
Puebla	Juan N. Mendez
Puebla	Lafragua
Puebla	Libres
Puebla	La Magdalena Tlatlauquitepec
Puebla	Mazapiltepec de Juarez
Puebla	Mixtla
Puebla	Molcaxac
Puebla	Canada Morelos
Puebla	Naupan
Puebla	Nauzontla
Puebla	Nealtican
Puebla	Nicolas Bravo
Puebla	Nopalucan
Puebla	Ocotepec
Puebla	Ocoyucan
Puebla	Olintla
Puebla	Oriental
Puebla	Pahuatlan
Puebla	Palmar de Bravo
Puebla	Pantepec
Puebla	Petlalcingo
Puebla	Piaxtla
Puebla	Puebla
Puebla	Quecholac
Puebla	Quimixtlan
Puebla	Rafael Lara Grajales
Puebla	Los Reyes de Juarez
Puebla	San Andres Cholula
Puebla	San Antonio Canada
Puebla	San Diego la Mesa Tochimiltzingo
Puebla	San Felipe Teotlalcingo
Puebla	San Felipe Tepatlan
Puebla	San Gabriel Chilac
Puebla	San Gregorio Atzompa
Puebla	San Jeronimo Tecuanipan
Puebla	San Jeronimo Xayacatlan
Puebla	San Jose Chiapa
Puebla	San Jose Miahuatlan
Puebla	San Juan Atenco
Puebla	San Juan Atzompa
Puebla	San Martin Texmelucan
Puebla	San Martin Totoltepec
Puebla	San Matias Tlalancaleca
Puebla	San Miguel Ixitlan
Puebla	San Miguel Xoxtla
Puebla	San Nicolas Buenos Aires
Puebla	San Nicolas de los Ranchos
Puebla	San Pablo Anicano
Puebla	San Pedro Cholula
Puebla	San Pedro Yeloixtlahuaca
Puebla	San Salvador el Seco
Puebla	San Salvador el Verde
Puebla	San Salvador Huixcolotla
Puebla	San Sebastian Tlacotepec
Puebla	Santa Catarina Tlaltempan
Puebla	Santa Ines Ahuatempan
Puebla	Santa Isabel Cholula
Puebla	Santiago Miahuatlan
Puebla	Huehuetlan el Grande
Puebla	Santo Tomas Hueyotlipan
Puebla	Soltepec
Puebla	Tecali de Herrera
Puebla	Tecamachalco
Puebla	Tecomatlan
Puebla	Tehuacan
Puebla	Tehuitzingo
Puebla	Tenampulco
Puebla	Teopantlan
Puebla	Teotlalco
Puebla	Tepanco de Lopez
Puebla	Tepango de Rodriguez
Puebla	Tepatlaxco de Hidalgo
Puebla	Tepeaca
Puebla	Tepemaxalco
Puebla	Tepeojuma
Puebla	Tepetzintla
Puebla	Tepexco
Puebla	Tepexi de Rodriguez
Puebla	Tepeyahualco
Puebla	Tepeyahualco de Cuauhtemoc
Puebla	Tetela de Ocampo
Puebla	Teteles de Avila Castillo
Puebla	Teziutlan
Puebla	Tianguismanalco
Puebla	Tilapa
Puebla	Tlacotepec de Benito Juarez
Puebla	Tlacuilotepec
Puebla	Tlachichuca
Puebla	Tlahuapan
Puebla	Tlaltenango
Puebla	Tlanepantla
Puebla	Tlaola
Puebla	Tlapacoya
Puebla	Tlapanala
Puebla	Tlatlauquitepec
Puebla	Tlaxco
Puebla	Tochimilco
Puebla	Tochtepec
Puebla	Totoltepec de Guerrero
Puebla	Tulcingo
Puebla	Tuzamapan de Galeana
Puebla	Tzicatlacoyan
Puebla	Venustiano Carranza
Puebla	Vicente Guerrero
Puebla	Xayacatlan de Bravo
Puebla	Xicotepec
Puebla	Xicotlan
Puebla	Xiutetelco
Puebla	Xochiapulco
Puebla	Xochiltepec
Puebla	Xochitlan de Vicente Suarez
Puebla	Xochitlan Todos Santos
Puebla	Yaonahuac
Puebla	Yehualtepec
Puebla	Zacapala
Puebla	Zacapoaxtla
Puebla	Zacatlan
Puebla	Zapotitlan
Puebla	Zapotitlan de Mendez
Puebla	Zaragoza
Puebla	Zautla
Puebla	Zihuateutla
Puebla	Zinacatepec
Puebla	Zongozotla
Puebla	Zoquiapan
Puebla	Zoquitlan
Queretaro	Amealco de Bonfil
Queretaro	Pinal de Amoles
Queretaro	Arroyo Seco
Queretaro	Cadereyta de Montes
Queretaro	Colon
Queretaro	Corregidora
Queretaro	Ezequiel Montes
Queretaro	Huimilpan
Queretaro	Jalpan de Serra
Queretaro	Landa de Matamoros
Queretaro	El Marques
Queretaro	Pedro Escobedo
Queretaro	Penamiller
Queretaro	Queretaro
Queretaro	San Joaquin
Queretaro	San Juan del Rio
Queretaro	Tequisquiapan
Queretaro	Toliman
Quintana Roo	Cozumel
Quintana Roo	Felipe Carrillo Puerto
Quintana Roo	Isla Mujeres
Quintana Roo	Othon P. Blanco
Quintana Roo	Benito Juarez
Quintana Roo	Jose Maria Morelos
Quintana Roo	Lazaro Cardenas
Quintana Roo	Solidaridad
Quintana Roo	Tulum
San Luis Potosí	Ahualulco
San Luis Potosí	Alaquines
San Luis Potosí	Aquismon
San Luis Potosí	Armadillo de los Infante
San Luis Potosí	Cardenas
San Luis Potosí	Catorce
San Luis Potosí	Cedral
San Luis Potosí	Cerritos
San Luis Potosí	Cerro de San Pedro
San Luis Potosí	Ciudad del Maiz
San Luis Potosí	Ciudad Fernandez
San Luis Potosí	Tancanhuitz
San Luis Potosí	Ciudad Valles
San Luis Potosí	Coxcatlan
San Luis Potosí	Charcas
San Luis Potosí	Ebano
San Luis Potosí	Guadalcazar
San Luis Potosí	Huehuetlan
San Luis Potosí	Lagunillas
San Luis Potosí	Matehuala
San Luis Potosí	Mexquitic de Carmona
San Luis Potosí	Moctezuma
San Luis Potosí	Rayon
San Luis Potosí	Rioverde
San Luis Potosí	Salinas
San Luis Potosí	San Antonio
San Luis Potosí	San Ciro de Acosta
San Luis Potosí	San Luis Potosi
San Luis Potosí	San Martin Chalchicuautla
San Luis Potosí	San Nicolas Tolentino
San Luis Potosí	Santa Catarina
San Luis Potosí	Santa Maria del Rio
San Luis Potosí	Santo Domingo
San Luis Potosí	San Vicente Tancuayalab
San Luis Potosí	Soledad de Graciano Sanchez
San Luis Potosí	Tamasopo
San Luis Potosí	Tamazunchale
San Luis Potosí	Tampacan
San Luis Potosí	Tampamolon Corona
San Luis Potosí	Tamuin
San Luis Potosí	Tanlajas
San Luis Potosí	Tanquian de Escobedo
San Luis Potosí	Tierra Nueva
San Luis Potosí	Vanegas
San Luis Potosí	Venado
San Luis Potosí	Villa de Arriaga
San Luis Potosí	Villa de Guadalupe
San Luis Potosí	Villa de la Paz
San Luis Potosí	Villa de Ramos
San Luis Potosí	Villa de Reyes
San Luis Potosí	Villa Hidalgo
San Luis Potosí	Villa Juarez
San Luis Potosí	Axtla de Terrazas
San Luis Potosí	Xilitla
San Luis Potosí	Zaragoza
San Luis Potosí	Villa de Arista
San Luis Potosí	Matlapa
San Luis Potosí	El Naranjo
Sinaloa	Ahome
Sinaloa	Angostura
Sinaloa	Badiraguato
Sinaloa	Concordia
Sinaloa	Cosala
Sinaloa	Culiacan
Sinaloa	Choix
Sinaloa	Elota
Sinaloa	Escuinapa
Sinaloa	El Fuerte
Sinaloa	Guasave
Sinaloa	Mazatlan
Sinaloa	Mocorito
Sinaloa	Rosario
Sinaloa	Salvador Alvarado
Sinaloa	San Ignacio
Sinaloa	Sinaloa
Sinaloa	Navolato
Sonora	Aconchi
Sonora	Agua Prieta
Sonora	Alamos
Sonora	Altar
Sonora	Arivechi
Sonora	Arizpe
Sonora	Atil
Sonora	Bacadehuachi
Sonora	Bacanora
Sonora	Bacerac
Sonora	Bacoachi
Sonora	Bacum
Sonora	Banamichi
Sonora	Baviacora
Sonora	Bavispe
Sonora	Benjamin Hill
Sonora	Caborca
Sonora	Cajeme
Sonora	Cananea
Sonora	Carbo
Sonora	La Colorada
Sonora	Cucurpe
Sonora	Cumpas
Sonora	Divisaderos
Sonora	Empalme
Sonora	Etchojoa
Sonora	Fronteras
Sonora	Granados
Sonora	Guaymas
Sonora	Hermosillo
Sonora	Huachinera
Sonora	Huasabas
Sonora	Huatabampo
Sonora	Huepac
Sonora	Imuris
Sonora	Magdalena
Sonora	Mazatan
Sonora	Moctezuma
Sonora	Naco
Sonora	Nacori Chico
Sonora	Nacozari de Garcia
Sonora	Navojoa
Sonora	Nogales
Sonora	Onavas
Sonora	Opodepe
Sonora	Oquitoa
Sonora	Pitiquito
Sonora	Puerto Penasco
Sonora	Quiriego
Sonora	Rayon
Sonora	Rosario
Sonora	Sahuaripa
Sonora	San Felipe de Jesus
Sonora	San Javier
Sonora	San Luis Rio Colorado
Sonora	San Miguel de Horcasitas
Sonora	San Pedro de la Cueva
Sonora	Santa Ana
Sonora	Santa Cruz
Sonora	Saric
Sonora	Soyopa
Sonora	Suaqui Grande
Sonora	Tepache
Sonora	Trincheras
Sonora	Tubutama
Sonora	Ures
Sonora	Villa Hidalgo
Sonora	Villa Pesqueira
Sonora	Yecora
Sonora	General Plutarco Elias Calles
Sonora	Benito Juarez
Sonora	San Ignacio Rio Muerto
Tabasco	Balancan
Tabasco	Cardenas
Tabasco	Centla
Tabasco	Centro
Tabasco	Comalcalco
Tabasco	Cunduacan
Tabasco	Emiliano Zapata
Tabasco	Huimanguillo
Tabasco	Jalapa
Tabasco	Jalpa de Mendez
Tabasco	Jonuta
Tabasco	Macuspana
Tabasco	Nacajuca
Tabasco	Paraiso
Tabasco	Tacotalpa
Tabasco	Teapa
Tabasco	Tenosique
Tamaulipas	Abasolo
Tamaulipas	Aldama
Tamaulipas	Altamira
Tamaulipas	Antiguo Morelos
Tamaulipas	Burgos
Tamaulipas	Bustamante
Tamaulipas	Camargo
Tamaulipas	Casas
Tamaulipas	Ciudad Madero
Tamaulipas	Cruillas
Tamaulipas	Gomez Farias
Tamaulipas	Gonzalez
Tamaulipas	Gﾌﾟemez
Tamaulipas	Guerrero
Tamaulipas	Gustavo Diaz Ordaz
Tamaulipas	Hidalgo
Tamaulipas	Jaumave
Tamaulipas	Jimenez
Tamaulipas	Llera
Tamaulipas	Mainero
Tamaulipas	El Mante
Tamaulipas	Matamoros
Tamaulipas	Mendez
Tamaulipas	Mier
Tamaulipas	Miguel Aleman
Tamaulipas	Miquihuana
Tamaulipas	Nuevo Laredo
Tamaulipas	Nuevo Morelos
Tamaulipas	Ocampo
Tamaulipas	Padilla
Tamaulipas	Palmillas
Tamaulipas	Reynosa
Tamaulipas	Rio Bravo
Tamaulipas	San Carlos
Tamaulipas	San Fernando
Tamaulipas	San Nicolas
Tamaulipas	Soto la Marina
Tamaulipas	Tampico
Tamaulipas	Tula
Tamaulipas	Valle Hermoso
Tamaulipas	Victoria
Tamaulipas	Villagran
Tamaulipas	Xicotencatl
Tlaxcala	Amaxac de Guerrero
Tlaxcala	Apetatitlan de Antonio Carvajal
Tlaxcala	Atlangatepec
Tlaxcala	Atltzayanca
Tlaxcala	Apizaco
Tlaxcala	Calpulalpan
Tlaxcala	El Carmen Tequexquitla
Tlaxcala	Cuapiaxtla
Tlaxcala	Cuaxomulco
Tlaxcala	Chiautempan
Tlaxcala	Munoz de Domingo Arenas
Tlaxcala	Espanita
Tlaxcala	Huamantla
Tlaxcala	Hueyotlipan
Tlaxcala	Ixtacuixtla de Mariano Matamoros
Tlaxcala	Ixtenco
Tlaxcala	Mazatecochco de Jose Maria Morelos
Tlaxcala	Contla de Juan Cuamatzi
Tlaxcala	Tepetitla de Lardizabal
Tlaxcala	Sanctorum de Lazaro Cardenas
Tlaxcala	Nanacamilpa de Mariano Arista
Tlaxcala	Acuamanala de Miguel Hidalgo
Tlaxcala	Nativitas
Tlaxcala	Panotla
Tlaxcala	San Pablo del Monte
Tlaxcala	Santa Cruz Tlaxcala
Tlaxcala	Tenancingo
Tlaxcala	Teolocholco
Tlaxcala	Tepeyanco
Tlaxcala	Terrenate
Tlaxcala	Tetla de la Solidaridad
Tlaxcala	Tetlatlahuca
Tlaxcala	Tlaxcala
Tlaxcala	Tlaxco
Tlaxcala	Tocatlan
Tlaxcala	Totolac
Tlaxcala	Ziltlaltepec de Trinidad Sanchez Santos
Tlaxcala	Tzompantepec
Tlaxcala	Xaloztoc
Tlaxcala	Xaltocan
Tlaxcala	Papalotla de Xicohtencatl
Tlaxcala	Xicohtzinco
Tlaxcala	Yauhquemehcan
Tlaxcala	Zacatelco
Tlaxcala	Benito Juarez
Tlaxcala	Emiliano Zapata
Tlaxcala	Lazaro Cardenas
Tlaxcala	La Magdalena Tlaltelulco
Tlaxcala	San Damian Texoloc
Tlaxcala	San Francisco Tetlanohcan
Tlaxcala	San Jeronimo Zacualpan
Tlaxcala	San Jose Teacalco
Tlaxcala	San Juan Huactzinco
Tlaxcala	San Lorenzo Axocomanitla
Tlaxcala	San Lucas Tecopilco
Tlaxcala	Santa Ana Nopalucan
Tlaxcala	Santa Apolonia Teacalco
Tlaxcala	Santa Catarina Ayometla
Tlaxcala	Santa Cruz Quilehtla
Tlaxcala	Santa Isabel Xiloxoxtla
Veracruz	Acajete
Veracruz	Acatlan
Veracruz	Acayucan
Veracruz	Actopan
Veracruz	Acula
Veracruz	Acultzingo
Veracruz	Camaron de Tejeda
Veracruz	Alpatlahuac
Veracruz	Alto Lucero de Gutierrez Barrios
Veracruz	Altotonga
Veracruz	Alvarado
Veracruz	Amatitlan
Veracruz	Naranjos Amatlan
Veracruz	Amatlan de los Reyes
Veracruz	Angel R. Cabada
Veracruz	La Antigua
Veracruz	Apazapan
Veracruz	Aquila
Veracruz	Astacinga
Veracruz	Atlahuilco
Veracruz	Atoyac
Veracruz	Atzacan
Veracruz	Atzalan
Veracruz	Tlaltetela
Veracruz	Ayahualulco
Veracruz	Banderilla
Veracruz	Benito Juarez
Veracruz	Boca del Rio
Veracruz	Calcahualco
Veracruz	Camerino Z. Mendoza
Veracruz	Carrillo Puerto
Veracruz	Catemaco
Veracruz	Cazones de Herrera
Veracruz	Cerro Azul
Veracruz	Citlaltepetl
Veracruz	Coacoatzintla
Veracruz	Coahuitlan
Veracruz	Coatepec
Veracruz	Coatzacoalcos
Veracruz	Coatzintla
Veracruz	Coetzala
Veracruz	Colipa
Veracruz	Comapa
Veracruz	Cordoba
Veracruz	Cosamaloapan de Carpio
Veracruz	Cosautlan de Carvajal
Veracruz	Coscomatepec
Veracruz	Cosoleacaque
Veracruz	Cotaxtla
Veracruz	Coxquihui
Veracruz	Coyutla
Veracruz	Cuichapa
Veracruz	Cuitlahuac
Veracruz	Chacaltianguis
Veracruz	Chalma
Veracruz	Chiconamel
Veracruz	Chiconquiaco
Veracruz	Chicontepec
Veracruz	Chinameca
Veracruz	Chinampa de Gorostiza
Veracruz	Las Choapas
Veracruz	Chocaman
Veracruz	Chontla
Veracruz	Chumatlan
Veracruz	Emiliano Zapata
Veracruz	Espinal
Veracruz	Filomeno Mata
Veracruz	Fortin
Veracruz	Gutierrez Zamora
Veracruz	Hidalgotitlan
Veracruz	Huatusco
Veracruz	Huayacocotla
Veracruz	Hueyapan de Ocampo
Veracruz	Huiloapan de Cuauhtemoc
Veracruz	Ignacio de la Llave
Veracruz	Ilamatlan
Veracruz	Isla
Veracruz	Ixcatepec
Veracruz	Ixhuacan de los Reyes
Veracruz	Ixhuatlan del Cafe
Veracruz	Ixhuatlancillo
Veracruz	Ixhuatlan del Sureste
Veracruz	Ixhuatlan de Madero
Veracruz	Ixmatlahuacan
Veracruz	Ixtaczoquitlan
Veracruz	Jalacingo
Veracruz	Xalapa
Veracruz	Jalcomulco
Veracruz	Jaltipan
Veracruz	Jamapa
Veracruz	Jesus Carranza
Veracruz	Xico
Veracruz	Jilotepec
Veracruz	Juan Rodriguez Clara
Veracruz	Juchique de Ferrer
Veracruz	Landero y Coss
Veracruz	Lerdo de Tejada
Veracruz	Magdalena
Veracruz	Maltrata
Veracruz	Manlio Fabio Altamirano
Veracruz	Mariano Escobedo
Veracruz	Martinez de la Torre
Veracruz	Mecatlan
Veracruz	Mecayapan
Veracruz	Medellin
Veracruz	Miahuatlan
Veracruz	Las Minas
Veracruz	Minatitlan
Veracruz	Misantla
Veracruz	Mixtla de Altamirano
Veracruz	Moloacan
Veracruz	Naolinco
Veracruz	Naranjal
Veracruz	Nautla
Veracruz	Nogales
Veracruz	Oluta
Veracruz	Omealca
Veracruz	Orizaba
Veracruz	Otatitlan
Veracruz	Oteapan
Veracruz	Ozuluama de Mascarenas
Veracruz	Pajapan
Veracruz	Panuco
Veracruz	Papantla
Veracruz	Paso del Macho
Veracruz	Paso de Ovejas
Veracruz	La Perla
Veracruz	Perote
Veracruz	Platon Sanchez
Veracruz	Playa Vicente
Veracruz	Poza Rica de Hidalgo
Veracruz	Las Vigas de Ramirez
Veracruz	Pueblo Viejo
Veracruz	Puente Nacional
Veracruz	Rafael Delgado
Veracruz	Rafael Lucio
Veracruz	Los Reyes
Veracruz	Rio Blanco
Veracruz	Saltabarranca
Veracruz	San Andres Tenejapan
Veracruz	San Andres Tuxtla
Veracruz	San Juan Evangelista
Veracruz	Santiago Tuxtla
Veracruz	Sayula de Aleman
Veracruz	Soconusco
Veracruz	Sochiapa
Veracruz	Soledad Atzompa
Veracruz	Soledad de Doblado
Veracruz	Soteapan
Veracruz	Tamalin
Veracruz	Tamiahua
Veracruz	Tampico Alto
Veracruz	Tancoco
Veracruz	Tantima
Veracruz	Tantoyuca
Veracruz	Tatatila
Veracruz	Castillo de Teayo
Veracruz	Tecolutla
Veracruz	Tehuipango
Veracruz	alamo Temapache
Veracruz	Tempoal
Veracruz	Tenampa
Veracruz	Tenochtitlan
Veracruz	Teocelo
Veracruz	Tepatlaxco
Veracruz	Tepetlan
Veracruz	Tepetzintla
Veracruz	Tequila
Veracruz	Jose Azueta
Veracruz	Texcatepec
Veracruz	Texhuacan
Veracruz	Texistepec
Veracruz	Tezonapa
Veracruz	Tierra Blanca
Veracruz	Tihuatlan
Veracruz	Tlacojalpan
Veracruz	Tlacolulan
Veracruz	Tlacotalpan
Veracruz	Tlacotepec de Mejia
Veracruz	Tlachichilco
Veracruz	Tlalixcoyan
Veracruz	Tlalnelhuayocan
Veracruz	Tlapacoyan
Veracruz	Tlaquilpa
Veracruz	Tlilapan
Veracruz	Tomatlan
Veracruz	Tonayan
Veracruz	Totutla
Veracruz	Tuxpan
Veracruz	Tuxtilla
Veracruz	Ursulo Galvan
Veracruz	Vega de Alatorre
Veracruz	Veracruz
Veracruz	Villa Aldama
Veracruz	Xoxocotla
Veracruz	Yanga
Veracruz	Yecuatla
Veracruz	Zacualpan
Veracruz	Zaragoza
Veracruz	Zentla
Veracruz	Zongolica
Veracruz	Zontecomatlan de Lopez y Fuentes
Veracruz	Zozocolco de Hidalgo
Veracruz	Agua Dulce
Veracruz	El Higo
Veracruz	Nanchital de Lazaro Cardenas del Rio
Veracruz	Tres Valles
Veracruz	Carlos A. Carrillo
Veracruz	Tatahuicapan de Juarez
Veracruz	Uxpanapa
Veracruz	San Rafael
Veracruz	Santiago Sochiapan
Yucatan	Abala
Yucatan	Acanceh
Yucatan	Akil
Yucatan	Baca
Yucatan	Bokoba
Yucatan	Buctzotz
Yucatan	Cacalchen
Yucatan	Calotmul
Yucatan	Cansahcab
Yucatan	Cantamayec
Yucatan	Celestun
Yucatan	Cenotillo
Yucatan	Conkal
Yucatan	Cuncunul
Yucatan	Cuzama
Yucatan	Chacsinkin
Yucatan	Chankom
Yucatan	Chapab
Yucatan	Chemax
Yucatan	Chicxulub Pueblo
Yucatan	Chichimila
Yucatan	Chikindzonot
Yucatan	Chochola
Yucatan	Chumayel
Yucatan	Dzan
Yucatan	Dzemul
Yucatan	Dzidzantun
Yucatan	Dzilam de Bravo
Yucatan	Dzilam Gonzalez
Yucatan	Dzitas
Yucatan	Dzoncauich
Yucatan	Espita
Yucatan	Halacho
Yucatan	Hocaba
Yucatan	Hoctun
Yucatan	Homun
Yucatan	Huhi
Yucatan	Hunucma
Yucatan	Ixil
Yucatan	Izamal
Yucatan	Kanasin
Yucatan	Kantunil
Yucatan	Kaua
Yucatan	Kinchil
Yucatan	Kopoma
Yucatan	Mama
Yucatan	Mani
Yucatan	Maxcanu
Yucatan	Mayapan
Yucatan	Merida
Yucatan	Mococha
Yucatan	Motul
Yucatan	Muna
Yucatan	Muxupip
Yucatan	Opichen
Yucatan	Oxkutzcab
Yucatan	Panaba
Yucatan	Peto
Yucatan	Progreso
Yucatan	Quintana Roo
Yucatan	Rio Lagartos
Yucatan	Sacalum
Yucatan	Samahil
Yucatan	Sanahcat
Yucatan	San Felipe
Yucatan	Santa Elena
Yucatan	Seye
Yucatan	Sinanche
Yucatan	Sotuta
Yucatan	Sucila
Yucatan	Sudzal
Yucatan	Suma
Yucatan	Tahdziu
Yucatan	Tahmek
Yucatan	Teabo
Yucatan	Tecoh
Yucatan	Tekal de Venegas
Yucatan	Tekanto
Yucatan	Tekax
Yucatan	Tekit
Yucatan	Tekom
Yucatan	Telchac Pueblo
Yucatan	Telchac Puerto
Yucatan	Temax
Yucatan	Temozon
Yucatan	Tepakan
Yucatan	Tetiz
Yucatan	Teya
Yucatan	Ticul
Yucatan	Timucuy
Yucatan	Tinum
Yucatan	Tixcacalcupul
Yucatan	Tixkokob
Yucatan	Tixmehuac
Yucatan	Tixpehual
Yucatan	Tizimin
Yucatan	Tunkas
Yucatan	Tzucacab
Yucatan	Uayma
Yucatan	Ucu
Yucatan	Uman
Yucatan	Valladolid
Yucatan	Xocchel
Yucatan	Yaxcaba
Yucatan	Yaxkukul
Yucatan	Yobain
Zacatecas	Apozol
Zacatecas	Apulco
Zacatecas	Atolinga
Zacatecas	Benito Juarez
Zacatecas	Calera
Zacatecas	Canitas de Felipe Pescador
Zacatecas	Concepcion del Oro
Zacatecas	Cuauhtemoc
Zacatecas	Chalchihuites
Zacatecas	Fresnillo
Zacatecas	Trinidad Garcia de la Cadena
Zacatecas	Genaro Codina
Zacatecas	General Enrique Estrada
Zacatecas	General Francisco R. Murguia
Zacatecas	El Plateado de Joaquin Amaro
Zacatecas	General Panfilo Natera
Zacatecas	Guadalupe
Zacatecas	Huanusco
Zacatecas	Jalpa
Zacatecas	Jerez
Zacatecas	Jimenez del Teul
Zacatecas	Juan Aldama
Zacatecas	Juchipila
Zacatecas	Loreto
Zacatecas	Luis Moya
Zacatecas	Mazapil
Zacatecas	Melchor Ocampo
Zacatecas	Mezquital del Oro
Zacatecas	Miguel Auza
Zacatecas	Momax
Zacatecas	Monte Escobedo
Zacatecas	Morelos
Zacatecas	Moyahua de Estrada
Zacatecas	Nochistlan de Mejia
Zacatecas	Noria de angeles
Zacatecas	Ojocaliente
Zacatecas	Panuco
Zacatecas	Pinos
Zacatecas	Rio Grande
Zacatecas	Sain Alto
Zacatecas	El Salvador
Zacatecas	Sombrerete
Zacatecas	Susticacan
Zacatecas	Tabasco
Zacatecas	Tepechitlan
Zacatecas	Tepetongo
Zacatecas	Teul de Gonzalez Ortega
Zacatecas	Tlaltenango de Sanchez Roman
Zacatecas	Valparaiso
Zacatecas	Vetagrande
Zacatecas	Villa de Cos
Zacatecas	Villa Garcia
Zacatecas	Villa Gonzalez Ortega
Zacatecas	Villa Hidalgo
Zacatecas	Villanueva
Zacatecas	Zacatecas
Zacatecas	Trancoso
Zacatecas	Santa Maria de la Paz
